process,experiment,level,arm,species_no,seed,model,rho,auc,rho_ceiling,auc_ceiling,no_skill,auc_chance_floor,n_train,n_val,n_test
pointwise,sample size,100.0,extrap,0,42,RF,0.3266541102294612,0.6423777777777778,,0.7828888888888889,False,0.5667776853391854,100,300,300
pointwise,sample size,100.0,extrap,1,55838,RF,0.6254772414668247,0.7881999999999999,,0.9403555555555555,False,0.5667776853391854,100,300,300
pointwise,sample size,100.0,extrap,2,63757,RF,0.648614317936866,0.8469333333333333,,0.9626666666666666,False,0.5667776853391854,100,300,300
pointwise,sample size,100.0,extrap,0,42,CNN-Ensemble,0.17991488794319938,0.5611111111111111,,0.7828888888888889,True,0.5667776853391854,100,300,300
pointwise,sample size,100.0,extrap,1,55838,CNN-Ensemble,0.4815360170668562,0.7242666666666666,,0.9403555555555555,False,0.5667776853391854,100,300,300
pointwise,sample size,100.0,extrap,2,63757,CNN-Ensemble,0.3278396426626963,0.6545777777777777,,0.9626666666666666,False,0.5667776853391854,100,300,300
pointwise,sample size,250.0,extrap,0,42,RF,0.3826478071978577,0.5937777777777777,,0.7935555555555556,False,0.5667776853391854,250,300,300
pointwise,sample size,250.0,extrap,1,55838,RF,0.7014202380026444,0.8073333333333333,,0.9142222222222223,False,0.5667776853391854,250,300,300
pointwise,sample size,250.0,extrap,2,63757,RF,0.7259262880698674,0.8431111111111111,,0.9544888888888889,False,0.5667776853391854,250,300,300
pointwise,sample size,250.0,extrap,0,42,CNN-Ensemble,0.1500274447493861,0.5396000000000001,,0.7935555555555556,True,0.5667776853391854,250,300,300
pointwise,sample size,250.0,extrap,1,55838,CNN-Ensemble,0.6303705596728852,0.7728,,0.9142222222222223,False,0.5667776853391854,250,300,300
pointwise,sample size,250.0,extrap,2,63757,CNN-Ensemble,0.49107745641618245,0.7298222222222223,,0.9544888888888889,False,0.5667776853391854,250,300,300
pointwise,sample size,500.0,extrap,0,42,RF,0.3320068000755564,0.6356888888888889,,0.7828888888888889,False,0.5667776853391854,500,300,300
pointwise,sample size,500.0,extrap,1,55838,RF,0.7033895932177024,0.7936444444444444,,0.9138666666666667,False,0.5667776853391854,500,300,300
pointwise,sample size,500.0,extrap,2,63757,RF,0.7797988866542962,0.8552888888888889,,0.9580000000000001,False,0.5667776853391854,500,300,300
pointwise,sample size,500.0,extrap,0,42,CNN-Ensemble,0.1670200965588624,0.5661555555555555,,0.7828888888888889,True,0.5667776853391854,500,300,300
pointwise,sample size,500.0,extrap,1,55838,CNN-Ensemble,0.3903132257025078,0.6589333333333334,,0.9138666666666667,False,0.5667776853391854,500,300,300
pointwise,sample size,500.0,extrap,2,63757,CNN-Ensemble,0.32120134668162975,0.6645777777777778,,0.9580000000000001,False,0.5667776853391854,500,300,300
pointwise,sample size,1000.0,extrap,0,42,RF,0.6195735508172313,0.6741333333333333,,0.7789333333333334,False,0.5667776853391854,1000,300,300
pointwise,sample size,1000.0,extrap,1,55838,RF,0.8254943749924355,0.8892444444444445,,0.9380444444444445,False,0.5667776853391854,1000,300,300
pointwise,sample size,1000.0,extrap,2,63757,RF,0.6142428249202768,0.7897333333333333,,0.9590666666666666,False,0.5667776853391854,1000,300,300
pointwise,sample size,1000.0,extrap,0,42,CNN-Ensemble,0.23947332748141645,0.5892888888888888,,0.7789333333333334,False,0.5667776853391854,1000,300,300
pointwise,sample size,1000.0,extrap,1,55838,CNN-Ensemble,0.39301681129790333,0.6907111111111112,,0.9380444444444445,False,0.5667776853391854,1000,300,300
pointwise,sample size,1000.0,extrap,2,63757,CNN-Ensemble,0.45384370937454854,0.7107111111111112,,0.9590666666666666,False,0.5667776853391854,1000,300,300
pointwise,sample size,2000.0,extrap,0,42,RF,0.6128608776609642,0.7320888888888889,,0.8051555555555555,False,0.5667776853391854,2000,300,300
pointwise,sample size,2000.0,extrap,1,55838,RF,0.5570044111601239,0.754711111111111,,0.9116444444444445,False,0.5667776853391854,2000,300,300
pointwise,sample size,2000.0,extrap,2,63757,RF,0.8325061389570995,0.9018666666666666,,0.9349333333333334,False,0.5667776853391854,2000,300,300
pointwise,sample size,2000.0,extrap,0,42,CNN-Ensemble,0.2267516557685828,0.614488888888889,,0.8051555555555555,False,0.5667776853391854,2000,300,300
pointwise,sample size,2000.0,extrap,1,55838,CNN-Ensemble,0.5863180702007799,0.7826222222222222,,0.9116444444444445,False,0.5667776853391854,2000,300,300
pointwise,sample size,2000.0,extrap,2,63757,CNN-Ensemble,0.4535152612806809,0.6646666666666666,,0.9349333333333334,False,0.5667776853391854,2000,300,300
pointwise,sample size,5000.0,extrap,0,42,RF,0.6176699741108234,0.7131111111111111,,0.8022222222222222,False,0.5667776853391854,5000,300,300
pointwise,sample size,5000.0,extrap,1,55838,RF,0.8193957710641228,0.8476888888888889,,0.9122666666666668,False,0.5667776853391854,5000,300,300
pointwise,sample size,5000.0,extrap,2,63757,RF,0.8696532183690929,0.9056,,0.9600444444444445,False,0.5667776853391854,5000,300,300
pointwise,sample size,5000.0,extrap,0,42,CNN-Ensemble,0.21719930221446904,0.5736444444444445,,0.8022222222222222,False,0.5667776853391854,5000,300,300
pointwise,sample size,5000.0,extrap,1,55838,CNN-Ensemble,0.6766492961032899,0.7672888888888889,,0.9122666666666668,False,0.5667776853391854,5000,300,300
pointwise,sample size,5000.0,extrap,2,63757,CNN-Ensemble,0.5643876043067145,0.7249777777777777,,0.9600444444444445,False,0.5667776853391854,5000,300,300
pointwise,sample size,100.0,random,0,42,RF,0.5922576917521306,0.7045333333333333,,0.8443111111111111,False,0.5667776853391854,100,300,300
pointwise,sample size,100.0,random,1,55838,RF,0.8391724352492805,0.8847111111111111,,0.9493777777777778,False,0.5667776853391854,100,300,300
pointwise,sample size,100.0,random,2,63757,RF,0.7953523928043644,0.8567555555555555,,0.9517777777777778,False,0.5667776853391854,100,300,300
pointwise,sample size,100.0,random,0,42,CNN-Ensemble,0.4835142612695696,0.6388444444444445,,0.8443111111111111,False,0.5667776853391854,100,300,300
pointwise,sample size,100.0,random,1,55838,CNN-Ensemble,0.7255845064945166,0.8484444444444444,,0.9493777777777778,False,0.5667776853391854,100,300,300
pointwise,sample size,100.0,random,2,63757,CNN-Ensemble,0.572279247547195,0.7398666666666667,,0.9517777777777778,False,0.5667776853391854,100,300,300
pointwise,sample size,250.0,random,0,42,RF,0.697240191557684,0.7502222222222222,,0.847288888888889,False,0.5667776853391854,250,300,300
pointwise,sample size,250.0,random,1,55838,RF,0.8934935825390984,0.8857333333333333,,0.9228,False,0.5667776853391854,250,300,300
pointwise,sample size,250.0,random,2,63757,RF,0.8085649840553784,0.8815111111111111,,0.9552444444444443,False,0.5667776853391854,250,300,300
pointwise,sample size,250.0,random,0,42,CNN-Ensemble,0.5338450427226968,0.666488888888889,,0.847288888888889,False,0.5667776853391854,250,300,300
pointwise,sample size,250.0,random,1,55838,CNN-Ensemble,0.7259213991266569,0.8579555555555555,,0.9228,False,0.5667776853391854,250,300,300
pointwise,sample size,250.0,random,2,63757,CNN-Ensemble,0.6133601484460939,0.7941333333333334,,0.9552444444444443,False,0.5667776853391854,250,300,300
pointwise,sample size,500.0,random,0,42,RF,0.8134757052856143,0.7825333333333333,,0.8580444444444445,False,0.5667776853391854,500,300,300
pointwise,sample size,500.0,random,1,55838,RF,0.8935320037552037,0.8825333333333333,,0.9223555555555555,False,0.5667776853391854,500,300,300
pointwise,sample size,500.0,random,2,63757,RF,0.8500663340703785,0.8839555555555555,,0.9554666666666667,False,0.5667776853391854,500,300,300
pointwise,sample size,500.0,random,0,42,CNN-Ensemble,0.6309772330803676,0.7151999999999998,,0.8580444444444445,False,0.5667776853391854,500,300,300
pointwise,sample size,500.0,random,1,55838,CNN-Ensemble,0.7802180024222489,0.8304888888888888,,0.9223555555555555,False,0.5667776853391854,500,300,300
pointwise,sample size,500.0,random,2,63757,CNN-Ensemble,0.5985190946566072,0.781511111111111,,0.9554666666666667,False,0.5667776853391854,500,300,300
pointwise,sample size,1000.0,random,0,42,RF,0.854075711952355,0.8099111111111111,,0.8604,False,0.5667776853391854,1000,300,300
pointwise,sample size,1000.0,random,1,55838,RF,0.9215658975728561,0.9638666666666666,,0.9803555555555556,False,0.5667776853391854,1000,300,300
pointwise,sample size,1000.0,random,2,63757,RF,0.8607042300470005,0.9213777777777779,,0.9642666666666667,False,0.5667776853391854,1000,300,300
pointwise,sample size,1000.0,random,0,42,CNN-Ensemble,0.5638609317881309,0.6971999999999999,,0.8604,False,0.5667776853391854,1000,300,300
pointwise,sample size,1000.0,random,1,55838,CNN-Ensemble,0.7992284358715097,0.8999555555555556,,0.9803555555555556,False,0.5667776853391854,1000,300,300
pointwise,sample size,1000.0,random,2,63757,CNN-Ensemble,0.6813124590273224,0.8260000000000001,,0.9642666666666667,False,0.5667776853391854,1000,300,300
pointwise,sample size,2000.0,random,0,42,RF,0.8816253513927933,0.8473333333333334,,0.8612888888888889,False,0.5667776853391854,2000,300,300
pointwise,sample size,2000.0,random,1,55838,RF,0.9381459519088702,0.934711111111111,,0.9523111111111111,False,0.5667776853391854,2000,300,300
pointwise,sample size,2000.0,random,2,63757,RF,0.8944822658949131,0.9194444444444445,,0.9552,False,0.5667776853391854,2000,300,300
pointwise,sample size,2000.0,random,0,42,CNN-Ensemble,0.7478309758997321,0.778,,0.8612888888888889,False,0.5667776853391854,2000,300,300
pointwise,sample size,2000.0,random,1,55838,CNN-Ensemble,0.7803802264469605,0.8643555555555555,,0.9523111111111111,False,0.5667776853391854,2000,300,300
pointwise,sample size,2000.0,random,2,63757,CNN-Ensemble,0.6958397315525727,0.8358222222222222,,0.9552,False,0.5667776853391854,2000,300,300
pointwise,sample size,5000.0,random,0,42,RF,0.9023589150990566,0.8744,,0.9116000000000001,False,0.5667776853391854,5000,300,300
pointwise,sample size,5000.0,random,1,55838,RF,0.9554110105796079,0.9165777777777778,,0.9205777777777778,False,0.5667776853391854,5000,300,300
pointwise,sample size,5000.0,random,2,63757,RF,0.9294135817221283,0.9265333333333332,,0.9403111111111111,False,0.5667776853391854,5000,300,300
pointwise,sample size,5000.0,random,0,42,CNN-Ensemble,0.7578484205380059,0.8048444444444446,,0.9116000000000001,False,0.5667776853391854,5000,300,300
pointwise,sample size,5000.0,random,1,55838,CNN-Ensemble,0.8385524283603151,0.8405777777777779,,0.9205777777777778,False,0.5667776853391854,5000,300,300
pointwise,sample size,5000.0,random,2,63757,CNN-Ensemble,0.6779466438515983,0.8094666666666667,,0.9403111111111111,False,0.5667776853391854,5000,300,300
pointwise,prevalence,0.05,extrap,0,42,RF,0.5061922910254558,0.634888888888889,,0.7495111111111111,False,0.5667776853391854,2000,300,300
pointwise,prevalence,0.05,extrap,1,55838,RF,0.5940297114412382,0.7554666666666666,,0.8951555555555556,False,0.5667776853391854,2000,300,300
pointwise,prevalence,0.05,extrap,2,63757,RF,0.724052933921488,0.8481333333333334,,0.9225333333333333,False,0.5667776853391854,2000,300,300
pointwise,prevalence,0.05,extrap,0,42,CNN-Ensemble,0.09442949366104067,0.5039111111111111,,0.7495111111111111,True,0.5667776853391854,2000,300,300
pointwise,prevalence,0.05,extrap,1,55838,CNN-Ensemble,0.5072003022255803,0.6712,,0.8951555555555556,False,0.5667776853391854,2000,300,300
pointwise,prevalence,0.05,extrap,2,63757,CNN-Ensemble,0.4044124934721497,0.6484,,0.9225333333333333,False,0.5667776853391854,2000,300,300
pointwise,prevalence,0.1,extrap,0,42,RF,0.5768415204613384,0.6601777777777778,,0.7573333333333333,False,0.5667776853391854,2000,300,300
pointwise,prevalence,0.1,extrap,1,55838,RF,0.753849709441216,0.842088888888889,,0.9322666666666667,False,0.5667776853391854,2000,300,300
pointwise,prevalence,0.1,extrap,2,63757,RF,0.8106138957099523,0.8697333333333334,,0.9283999999999999,False,0.5667776853391854,2000,300,300
pointwise,prevalence,0.1,extrap,0,42,CNN-Ensemble,0.3264738497094412,0.6062666666666666,,0.7573333333333333,False,0.5667776853391854,2000,300,300
pointwise,prevalence,0.1,extrap,1,55838,CNN-Ensemble,0.6049458327314747,0.7743555555555556,,0.9322666666666667,False,0.5667776853391854,2000,300,300
pointwise,prevalence,0.1,extrap,2,63757,CNN-Ensemble,0.4385110945677174,0.6911111111111111,,0.9283999999999999,False,0.5667776853391854,2000,300,300
pointwise,prevalence,0.2,extrap,0,42,RF,0.692296581073123,0.7790666666666667,,0.8240888888888889,False,0.5667776853391854,2000,300,300
pointwise,prevalence,0.2,extrap,1,55838,RF,0.8341079345326058,0.8679111111111111,,0.9036,False,0.5667776853391854,2000,300,300
pointwise,prevalence,0.2,extrap,2,63757,RF,0.8938472649696106,0.9343999999999999,,0.9798666666666667,False,0.5667776853391854,2000,300,300
pointwise,prevalence,0.2,extrap,0,42,CNN-Ensemble,0.33868865209613436,0.6192444444444445,,0.8240888888888889,False,0.5667776853391854,2000,300,300
pointwise,prevalence,0.2,extrap,1,55838,CNN-Ensemble,0.5598764430715897,0.7413777777777778,,0.9036,False,0.5667776853391854,2000,300,300
pointwise,prevalence,0.2,extrap,2,63757,CNN-Ensemble,0.5187182079800887,0.7226222222222222,,0.9798666666666667,False,0.5667776853391854,2000,300,300
pointwise,prevalence,0.3,extrap,0,42,RF,0.6453809486772075,0.7478666666666667,,0.8211555555555555,False,0.5667776853391854,2000,300,300
pointwise,prevalence,0.3,extrap,1,55838,RF,0.820305558950655,0.8250666666666666,,0.9210666666666666,False,0.5667776853391854,2000,300,300
pointwise,prevalence,0.3,extrap,2,63757,RF,0.8435275947510527,0.9128444444444445,,0.9720888888888888,False,0.5667776853391854,2000,300,300
pointwise,prevalence,0.3,extrap,0,42,CNN-Ensemble,0.3350152779475327,0.5953777777777778,,0.8211555555555555,False,0.5667776853391854,2000,300,300
pointwise,prevalence,0.3,extrap,1,55838,CNN-Ensemble,0.5661951799464439,0.7287555555555556,,0.9210666666666666,False,0.5667776853391854,2000,300,300
pointwise,prevalence,0.3,extrap,2,63757,CNN-Ensemble,0.4486560961788464,0.6983555555555555,,0.9720888888888888,False,0.5667776853391854,2000,300,300
pointwise,prevalence,0.5,extrap,0,42,RF,0.801482238691541,0.7909777777777778,,0.8723555555555556,False,0.5667776853391854,2000,300,300
pointwise,prevalence,0.5,extrap,1,55838,RF,0.8784102045578285,0.857111111111111,,0.8961777777777777,False,0.5667776853391854,2000,300,300
pointwise,prevalence,0.5,extrap,2,63757,RF,0.9099842120450519,0.9294666666666667,,0.9697333333333333,False,0.5667776853391854,2000,300,300
pointwise,prevalence,0.5,extrap,0,42,CNN-Ensemble,0.2703030033667041,0.6376,,0.8723555555555556,False,0.5667776853391854,2000,300,300
pointwise,prevalence,0.5,extrap,1,55838,CNN-Ensemble,0.5404651162790698,0.7318666666666668,,0.8961777777777777,False,0.5667776853391854,2000,300,300
pointwise,prevalence,0.5,extrap,2,63757,CNN-Ensemble,0.40737430415893505,0.679288888888889,,0.9697333333333333,False,0.5667776853391854,2000,300,300
pointwise,prevalence,0.7,extrap,0,42,RF,0.8707501194457715,0.8633333333333332,,0.8989333333333334,False,0.5667776853391854,2000,300,300
pointwise,prevalence,0.7,extrap,1,55838,RF,0.7582497583306481,0.7850222222222223,,0.8569777777777778,False,0.5667776853391854,2000,300,300
pointwise,prevalence,0.7,extrap,2,63757,RF,0.9176928632540361,0.9052888888888888,,0.9309777777777778,False,0.5667776853391854,2000,300,300
pointwise,prevalence,0.7,extrap,0,42,CNN-Ensemble,0.5537412637918199,0.7116444444444445,,0.8989333333333334,False,0.5667776853391854,2000,300,300
pointwise,prevalence,0.7,extrap,1,55838,CNN-Ensemble,0.5271431904798942,0.7021777777777778,,0.8569777777777778,False,0.5667776853391854,2000,300,300
pointwise,prevalence,0.7,extrap,2,63757,CNN-Ensemble,0.5240720452449471,0.7189333333333332,,0.9309777777777778,False,0.5667776853391854,2000,300,300
pointwise,prevalence,0.05,random,0,42,RF,0.8745839398215535,0.8564888888888889,,0.8769777777777777,False,0.5667776853391854,2000,300,300
pointwise,prevalence,0.05,random,1,55838,RF,0.8888009354099224,0.9627555555555556,,0.9700888888888888,False,0.5667776853391854,2000,300,300
pointwise,prevalence,0.05,random,2,63757,RF,0.8916203277909482,0.913511111111111,,0.9556444444444444,False,0.5667776853391854,2000,300,300
pointwise,prevalence,0.05,random,0,42,CNN-Ensemble,0.7731312570139668,0.8035111111111112,,0.8769777777777777,False,0.5667776853391854,2000,300,300
pointwise,prevalence,0.05,random,1,55838,CNN-Ensemble,0.8419373548594984,0.9346666666666666,,0.9700888888888888,False,0.5667776853391854,2000,300,300
pointwise,prevalence,0.05,random,2,63757,CNN-Ensemble,0.701240680452005,0.8341777777777778,,0.9556444444444444,False,0.5667776853391854,2000,300,300
pointwise,prevalence,0.1,random,0,42,RF,0.87827731419238,0.8018666666666667,,0.8329333333333334,False,0.5667776853391854,2000,300,300
pointwise,prevalence,0.1,random,1,55838,RF,0.926254511330289,0.9645777777777778,,0.9714666666666667,False,0.5667776853391854,2000,300,300
pointwise,prevalence,0.1,random,2,63757,RF,0.8882784129021948,0.9433777777777779,,0.9714222222222222,False,0.5667776853391854,2000,300,300
pointwise,prevalence,0.1,random,0,42,CNN-Ensemble,0.7270094112156801,0.7994666666666667,,0.8329333333333334,False,0.5667776853391854,2000,300,300
pointwise,prevalence,0.1,random,1,55838,CNN-Ensemble,0.8375933065922954,0.9221333333333332,,0.9714666666666667,False,0.5667776853391854,2000,300,300
pointwise,prevalence,0.1,random,2,63757,CNN-Ensemble,0.7157870643007145,0.8638666666666667,,0.9714222222222222,False,0.5667776853391854,2000,300,300
pointwise,prevalence,0.2,random,0,42,RF,0.8702758919543551,0.8551111111111112,,0.9059555555555556,False,0.5667776853391854,2000,300,300
pointwise,prevalence,0.2,random,1,55838,RF,0.9255378393093255,0.9495555555555556,,0.957911111111111,False,0.5667776853391854,2000,300,300
pointwise,prevalence,0.2,random,2,63757,RF,0.918128686162527,0.886,,0.9233333333333333,False,0.5667776853391854,2000,300,300
pointwise,prevalence,0.2,random,0,42,CNN-Ensemble,0.6411506794519939,0.8057777777777777,,0.9059555555555556,False,0.5667776853391854,2000,300,300
pointwise,prevalence,0.2,random,1,55838,CNN-Ensemble,0.7886572073023033,0.8656444444444444,,0.957911111111111,False,0.5667776853391854,2000,300,300
pointwise,prevalence,0.2,random,2,63757,CNN-Ensemble,0.6905072278580873,0.802,,0.9233333333333333,False,0.5667776853391854,2000,300,300
pointwise,prevalence,0.3,random,0,42,RF,0.8674514161268458,0.8009333333333334,,0.8764888888888889,False,0.5667776853391854,2000,300,300
pointwise,prevalence,0.3,random,1,55838,RF,0.9146869326736573,0.8832222222222221,,0.8996444444444445,False,0.5667776853391854,2000,300,300
pointwise,prevalence,0.3,random,2,63757,RF,0.9216221531602187,0.9221777777777778,,0.9559555555555556,False,0.5667776853391854,2000,300,300
pointwise,prevalence,0.3,random,0,42,CNN-Ensemble,0.6507703418926877,0.7141333333333333,,0.8764888888888889,False,0.5667776853391854,2000,300,300
pointwise,prevalence,0.3,random,1,55838,CNN-Ensemble,0.7751241680463116,0.8127555555555555,,0.8996444444444445,False,0.5667776853391854,2000,300,300
pointwise,prevalence,0.3,random,2,63757,CNN-Ensemble,0.6237149301658906,0.7823111111111112,,0.9559555555555556,False,0.5667776853391854,2000,300,300
pointwise,prevalence,0.5,random,0,42,RF,0.9100501116679074,0.8350666666666667,,0.8750222222222223,False,0.5667776853391854,2000,300,300
pointwise,prevalence,0.5,random,1,55838,RF,0.8915571163632002,0.8049777777777777,,0.8557777777777777,False,0.5667776853391854,2000,300,300
pointwise,prevalence,0.5,random,2,63757,RF,0.9233768923552917,0.9041777777777777,,0.9436888888888888,False,0.5667776853391854,2000,300,300
pointwise,prevalence,0.5,random,0,42,CNN-Ensemble,0.7480180890898788,0.7767111111111111,,0.8750222222222223,False,0.5667776853391854,2000,300,300
pointwise,prevalence,0.5,random,1,55838,CNN-Ensemble,0.753570595228836,0.7678666666666667,,0.8557777777777777,False,0.5667776853391854,2000,300,300
pointwise,prevalence,0.5,random,2,63757,CNN-Ensemble,0.5509536772630808,0.7471555555555556,,0.9436888888888888,False,0.5667776853391854,2000,300,300
pointwise,prevalence,0.7,random,0,42,RF,0.9087474305270059,0.8467555555555556,,0.9009333333333334,False,0.5667776853391854,2000,300,300
pointwise,prevalence,0.7,random,1,55838,RF,0.9093381037567084,0.8063111111111112,,0.8156444444444445,False,0.5667776853391854,2000,300,300
pointwise,prevalence,0.7,random,2,63757,RF,0.9288556539517105,0.9067999999999999,,0.9306666666666666,False,0.5667776853391854,2000,300,300
pointwise,prevalence,0.7,random,0,42,CNN-Ensemble,0.6558806208957877,0.7227555555555556,,0.9009333333333334,False,0.5667776853391854,2000,300,300
pointwise,prevalence,0.7,random,1,55838,CNN-Ensemble,0.6471165235169279,0.7268444444444446,,0.8156444444444445,False,0.5667776853391854,2000,300,300
pointwise,prevalence,0.7,random,2,63757,CNN-Ensemble,0.6541526016955743,0.7923555555555555,,0.9306666666666666,False,0.5667776853391854,2000,300,300
pointwise,resolution,100.0,extrap,0,42,RF,0.6603371148568318,0.6715111111111111,1.0,0.7432,False,0.5667776853391854,2000,300,300
pointwise,resolution,100.0,extrap,1,55838,RF,0.8047431638129312,0.8506666666666667,1.0,0.9084444444444444,False,0.5667776853391854,2000,300,300
pointwise,resolution,100.0,extrap,2,63757,RF,0.8744323825820286,0.9052,1.0,0.9542666666666666,False,0.5667776853391854,2000,300,300
pointwise,resolution,100.0,extrap,0,42,CNN-Ensemble,0.29139123768041864,0.5884444444444445,1.0,0.7432,False,0.5667776853391854,2000,300,300
pointwise,resolution,100.0,extrap,1,55838,CNN-Ensemble,0.6497378859765108,0.783511111111111,1.0,0.9084444444444444,False,0.5667776853391854,2000,300,300
pointwise,resolution,100.0,extrap,2,63757,CNN-Ensemble,0.479014211269014,0.7022666666666668,1.0,0.9542666666666666,False,0.5667776853391854,2000,300,300
pointwise,resolution,200.0,extrap,0,42,RF,0.5306943410482338,0.6317777777777777,0.8663500705563394,0.7439111111111112,False,0.5667776853391854,2000,300,300
pointwise,resolution,200.0,extrap,1,55838,RF,0.7154457271747463,0.7644444444444445,0.9287774308603428,0.8718222222222223,False,0.5667776853391854,2000,300,300
pointwise,resolution,200.0,extrap,2,63757,RF,0.7617826864742941,0.8464444444444444,0.8949490549894997,0.9087555555555555,False,0.5667776853391854,2000,300,300
pointwise,resolution,200.0,extrap,0,42,CNN-Ensemble,0.2505548117817782,0.5600222222222222,0.8663500705563394,0.7439111111111112,True,0.5667776853391854,2000,300,300
pointwise,resolution,200.0,extrap,1,55838,CNN-Ensemble,0.6608873431927021,0.7764444444444445,0.9287774308603428,0.8718222222222223,False,0.5667776853391854,2000,300,300
pointwise,resolution,200.0,extrap,2,63757,CNN-Ensemble,0.55422571361904,0.7420888888888888,0.8949490549894997,0.9087555555555555,False,0.5667776853391854,2000,300,300
pointwise,resolution,400.0,extrap,0,42,RF,0.48002533361481786,0.6388888888888888,0.7460576228624762,0.6953333333333334,False,0.5667776853391854,2000,300,300
pointwise,resolution,400.0,extrap,1,55838,RF,0.7312539028211423,0.8096444444444445,0.8532970366337402,0.8298666666666666,False,0.5667776853391854,2000,300,300
pointwise,resolution,400.0,extrap,2,63757,RF,0.6308194535494839,0.7738222222222223,0.7932057022855808,0.8538666666666667,False,0.5667776853391854,2000,300,300
pointwise,resolution,400.0,extrap,0,42,CNN-Ensemble,0.29532017022411355,0.5788444444444445,0.7460576228624762,0.6953333333333334,False,0.5667776853391854,2000,300,300
pointwise,resolution,400.0,extrap,1,55838,CNN-Ensemble,0.6496205513394593,0.7671111111111111,0.8532970366337402,0.8298666666666666,False,0.5667776853391854,2000,300,300
pointwise,resolution,400.0,extrap,2,63757,CNN-Ensemble,0.548341648240536,0.7513333333333332,0.7932057022855808,0.8538666666666667,False,0.5667776853391854,2000,300,300
pointwise,resolution,100.0,random,0,42,RF,0.8938223758041757,0.8649777777777778,1.0,0.8895111111111111,False,0.5667776853391854,2000,300,300
pointwise,resolution,100.0,random,1,55838,RF,0.9125767092714545,0.9381777777777778,1.0,0.9456444444444445,False,0.5667776853391854,2000,300,300
pointwise,resolution,100.0,random,2,63757,RF,0.9059127323636929,0.9426666666666667,1.0,0.9702222222222222,False,0.5667776853391854,2000,300,300
pointwise,resolution,100.0,random,0,42,CNN-Ensemble,0.691361459571773,0.7802666666666667,1.0,0.8895111111111111,False,0.5667776853391854,2000,300,300
pointwise,resolution,100.0,random,1,55838,CNN-Ensemble,0.7866536294847719,0.863111111111111,1.0,0.9456444444444445,False,0.5667776853391854,2000,300,300
pointwise,resolution,100.0,random,2,63757,CNN-Ensemble,0.689927665862954,0.8314666666666668,1.0,0.9702222222222222,False,0.5667776853391854,2000,300,300
pointwise,resolution,200.0,random,0,42,RF,0.8337639307103412,0.8285777777777777,0.9380926454738385,0.8587111111111111,False,0.5667776853391854,2000,300,300
pointwise,resolution,200.0,random,1,55838,RF,0.8941124835975738,0.9254666666666667,0.9685840953788375,0.932,False,0.5667776853391854,2000,300,300
pointwise,resolution,200.0,random,2,63757,RF,0.863675374170824,0.9291111111111111,0.9416882409804553,0.9472444444444444,False,0.5667776853391854,2000,300,300
pointwise,resolution,200.0,random,0,42,CNN-Ensemble,0.7064274047489416,0.7859555555555555,0.9380926454738385,0.8587111111111111,False,0.5667776853391854,2000,300,300
pointwise,resolution,200.0,random,1,55838,CNN-Ensemble,0.8035849287214301,0.8750222222222223,0.9685840953788375,0.932,False,0.5667776853391854,2000,300,300
pointwise,resolution,200.0,random,2,63757,CNN-Ensemble,0.697656718147619,0.836488888888889,0.9416882409804553,0.9472444444444444,False,0.5667776853391854,2000,300,300
pointwise,resolution,400.0,random,0,42,RF,0.7704463382926476,0.8103555555555556,0.8636073734152601,0.8313333333333334,False,0.5667776853391854,2000,300,300
pointwise,resolution,400.0,random,1,55838,RF,0.8594704385604284,0.9097333333333334,0.9332374804164489,0.9204888888888888,False,0.5667776853391854,2000,300,300
pointwise,resolution,400.0,random,2,63757,RF,0.8119427993644374,0.8984888888888889,0.8861662907365636,0.9159555555555555,False,0.5667776853391854,2000,300,300
pointwise,resolution,400.0,random,0,42,CNN-Ensemble,0.704199379993111,0.7698666666666666,0.8636073734152601,0.8313333333333334,False,0.5667776853391854,2000,300,300
pointwise,resolution,400.0,random,1,55838,CNN-Ensemble,0.8206900076667518,0.8777777777777779,0.9332374804164489,0.9204888888888888,False,0.5667776853391854,2000,300,300
pointwise,resolution,400.0,random,2,63757,CNN-Ensemble,0.7268916321292458,0.8409777777777778,0.8861662907365636,0.9159555555555555,False,0.5667776853391854,2000,300,300
pointwise,patch size,8.0,extrap,0,42,RF,0.6175210835675952,0.7168444444444444,,0.7829777777777778,False,0.5667776853391854,2000,300,300
pointwise,patch size,8.0,extrap,1,55838,RF,0.6833164812942365,0.8186666666666667,,0.9176,False,0.5667776853391854,2000,300,300
pointwise,patch size,8.0,extrap,2,63757,RF,0.8602744474938611,0.9268,,0.9550666666666667,False,0.5667776853391854,2000,300,300
pointwise,patch size,8.0,extrap,0,42,CNN-Ensemble,0.3636524850276114,0.6236,,0.7829777777777778,False,0.5667776853391854,2000,300,300
pointwise,patch size,8.0,extrap,1,55838,CNN-Ensemble,0.6436671518572428,0.7655111111111111,,0.9176,False,0.5667776853391854,2000,300,300
pointwise,patch size,8.0,extrap,2,63757,CNN-Ensemble,0.6725034722608029,0.8283111111111111,,0.9550666666666667,False,0.5667776853391854,2000,300,300
pointwise,patch size,16.0,extrap,0,42,RF,0.6222489830163688,0.730088888888889,,0.8180888888888889,False,0.5667776853391854,2000,300,300
pointwise,patch size,16.0,extrap,1,55838,RF,0.7176884187602085,0.8214666666666667,,0.9192,False,0.5667776853391854,2000,300,300
pointwise,patch size,16.0,extrap,2,63757,RF,0.8654521567408755,0.9176,,0.9587555555555556,False,0.5667776853391854,2000,300,300
pointwise,patch size,16.0,extrap,0,42,CNN-Ensemble,0.42214424604717826,0.6612,,0.8180888888888889,False,0.5667776853391854,2000,300,300
pointwise,patch size,16.0,extrap,1,55838,CNN-Ensemble,0.6293629929221435,0.7420888888888888,,0.9192,False,0.5667776853391854,2000,300,300
pointwise,patch size,16.0,extrap,2,63757,CNN-Ensemble,0.606256958410649,0.7716888888888889,,0.9587555555555556,False,0.5667776853391854,2000,300,300
pointwise,patch size,32.0,extrap,0,42,RF,0.5693627706974521,0.6936888888888889,,0.7420444444444445,False,0.5667776853391854,2000,300,300
pointwise,patch size,32.0,extrap,1,55838,RF,0.85875531950355,0.8601333333333333,,0.8904888888888889,False,0.5667776853391854,2000,300,300
pointwise,patch size,32.0,extrap,2,63757,RF,0.7912350137223746,0.8829777777777778,,0.9604888888888888,False,0.5667776853391854,2000,300,300
pointwise,patch size,32.0,extrap,0,42,CNN-Ensemble,-0.10457449527216968,0.45053333333333334,,0.7420444444444445,True,0.5667776853391854,2000,300,300
pointwise,patch size,32.0,extrap,1,55838,CNN-Ensemble,0.6111299014433492,0.7762222222222224,,0.8904888888888889,False,0.5667776853391854,2000,300,300
pointwise,patch size,32.0,extrap,2,63757,CNN-Ensemble,0.5032287025411393,0.7646222222222222,,0.9604888888888888,False,0.5667776853391854,2000,300,300
pointwise,patch size,64.0,extrap,0,42,RF,0.629604913300144,0.6989333333333333,,0.7948444444444445,False,0.5667776853391854,1728,236,300
pointwise,patch size,64.0,extrap,1,55838,RF,0.8376128623651373,0.8371555555555557,,0.9227555555555556,False,0.5667776853391854,1714,210,300
pointwise,patch size,64.0,extrap,2,63757,RF,0.8742052689474327,0.9209777777777778,,0.9634222222222223,False,0.5667776853391854,1666,176,300
pointwise,patch size,64.0,extrap,0,42,CNN-Ensemble,0.21936954855053944,0.5948,,0.7948444444444445,False,0.5667776853391854,1728,236,300
pointwise,patch size,64.0,extrap,1,55838,CNN-Ensemble,0.4360288447649418,0.6507111111111111,,0.9227555555555556,False,0.5667776853391854,1714,210,300
pointwise,patch size,64.0,extrap,2,63757,CNN-Ensemble,0.3715396837742641,0.6636444444444445,,0.9634222222222223,False,0.5667776853391854,1666,176,300
pointwise,patch size,8.0,random,0,42,RF,0.8891124222616331,0.8138666666666666,,0.8416444444444444,False,0.5667776853391854,2000,300,300
pointwise,patch size,8.0,random,1,55838,RF,0.9337611455417502,0.9477777777777778,,0.9693777777777777,False,0.5667776853391854,2000,300,300
pointwise,patch size,8.0,random,2,63757,RF,0.9168221869131878,0.9267555555555556,,0.9601777777777778,False,0.5667776853391854,2000,300,300
pointwise,patch size,8.0,random,0,42,CNN-Ensemble,0.7880305336725963,0.7838666666666667,,0.8416444444444444,False,0.5667776853391854,2000,300,300
pointwise,patch size,8.0,random,1,55838,CNN-Ensemble,0.9197182190913232,0.9249333333333333,,0.9693777777777777,False,0.5667776853391854,2000,300,300
pointwise,patch size,8.0,random,2,63757,CNN-Ensemble,0.8652056133957043,0.9061333333333332,,0.9601777777777778,False,0.5667776853391854,2000,300,300
pointwise,patch size,16.0,random,0,42,RF,0.8585406504516717,0.7930222222222222,,0.8575111111111111,False,0.5667776853391854,2000,300,300
pointwise,patch size,16.0,random,1,55838,RF,0.9366638166335609,0.9503999999999999,,0.9564,False,0.5667776853391854,2000,300,300
pointwise,patch size,16.0,random,2,63757,RF,0.9034251949184042,0.8743555555555556,,0.9334666666666667,False,0.5667776853391854,2000,300,300
pointwise,patch size,16.0,random,0,42,CNN-Ensemble,0.7577368637429304,0.7627555555555555,,0.8575111111111111,False,0.5667776853391854,2000,300,300
pointwise,patch size,16.0,random,1,55838,CNN-Ensemble,0.8447613862376249,0.9025333333333334,,0.9564,False,0.5667776853391854,2000,300,300
pointwise,patch size,16.0,random,2,63757,CNN-Ensemble,0.7637084856498405,0.8298666666666666,,0.9334666666666667,False,0.5667776853391854,2000,300,300
pointwise,patch size,32.0,random,0,42,RF,0.8786075400837787,0.8364,,0.8695999999999999,False,0.5667776853391854,2000,300,300
pointwise,patch size,32.0,random,1,55838,RF,0.9441108724668018,0.9116888888888889,,0.9204888888888889,False,0.5667776853391854,2000,300,300
pointwise,patch size,32.0,random,2,63757,RF,0.9175001780582358,0.9292444444444444,,0.9586222222222223,False,0.5667776853391854,2000,300,300
pointwise,patch size,32.0,random,0,42,CNN-Ensemble,0.6498854431715907,0.7630666666666667,,0.8695999999999999,False,0.5667776853391854,2000,300,300
pointwise,patch size,32.0,random,1,55838,CNN-Ensemble,0.8156548406093401,0.8703111111111111,,0.9204888888888889,False,0.5667776853391854,2000,300,300
pointwise,patch size,32.0,random,2,63757,CNN-Ensemble,0.5737845976066401,0.7957333333333333,,0.9586222222222223,False,0.5667776853391854,2000,300,300
pointwise,patch size,64.0,random,0,42,RF,0.8941281453625807,0.8638364104765995,,0.9020502361528553,False,0.5700140042014005,1820,273,273
pointwise,patch size,64.0,random,1,55838,RF,0.9162328531444331,0.89056396484375,,0.9339599609375,False,0.5723096009214313,1708,256,256
pointwise,patch size,64.0,random,2,63757,RF,0.8966196875720307,0.9080154781647318,,0.9411829740187949,False,0.5705345615858598,1792,269,269
pointwise,patch size,64.0,random,0,42,CNN-Ensemble,0.7420065443358702,0.7855302705023615,,0.9020502361528553,False,0.5700140042014005,1820,273,273
pointwise,patch size,64.0,random,1,55838,CNN-Ensemble,0.6909912165255206,0.7794189453125,,0.9339599609375,False,0.5723096009214313,1708,256,256
pointwise,patch size,64.0,random,2,63757,CNN-Ensemble,0.6031749554581491,0.7344941956882255,,0.9411829740187949,False,0.5705345615858598,1792,269,269
configurational,sample size,100.0,extrap,0,42,RF-centre,-0.08076756408404537,0.45933333333333326,0.9100138400385916,0.9270666666666666,True,0.5667776853391854,100,300,300
configurational,sample size,100.0,extrap,1,55838,RF-centre,0.022391145143105664,0.5285111111111112,0.8955121602810052,0.8743777777777778,True,0.5667776853391854,100,300,300
configurational,sample size,100.0,extrap,2,63757,RF-centre,-0.004031155901732242,0.5285777777777777,0.9533863091602696,0.9717333333333333,True,0.5667776853391854,100,300,300
configurational,sample size,100.0,extrap,0,42,RF-patch,-0.030628784764275156,0.4651111111111111,0.9100138400385916,0.9270666666666666,True,0.5667776853391854,100,300,300
configurational,sample size,100.0,extrap,1,55838,RF-patch,0.04934989263211772,0.5212888888888889,0.8955121602810052,0.8743777777777778,True,0.5667776853391854,100,300,300
configurational,sample size,100.0,extrap,2,63757,RF-patch,0.00041200457782864246,0.5331111111111111,0.9533863091602696,0.9717333333333333,True,0.5667776853391854,100,300,300
configurational,sample size,100.0,extrap,0,42,RF-oracle,0.5377797531083678,0.698888888888889,0.9100138400385916,0.9270666666666666,False,0.5667776853391854,100,300,300
configurational,sample size,100.0,extrap,1,55838,RF-oracle,0.36295700240159173,0.6330666666666667,0.8955121602810052,0.8743777777777778,False,0.5667776853391854,100,300,300
configurational,sample size,100.0,extrap,2,63757,RF-oracle,0.7705383393148811,0.8742666666666667,0.9533863091602696,0.9717333333333333,False,0.5667776853391854,100,300,300
configurational,sample size,100.0,extrap,0,42,CNN-Ensemble,0.03015189057656196,0.5347999999999999,0.9100138400385916,0.9270666666666666,True,0.5667776853391854,100,300,300
configurational,sample size,100.0,extrap,1,55838,CNN-Ensemble,0.07204348315947759,0.5649777777777778,0.8955121602810052,0.8743777777777778,True,0.5667776853391854,100,300,300
configurational,sample size,100.0,extrap,2,63757,CNN-Ensemble,-0.001527572528583651,0.49391111111111113,0.9533863091602696,0.9717333333333333,True,0.5667776853391854,100,300,300
configurational,sample size,250.0,extrap,0,42,RF-centre,0.04497939365764021,0.5523777777777777,0.9269680170998879,0.9291555555555556,True,0.5667776853391854,250,300,300
configurational,sample size,250.0,extrap,1,55838,RF-centre,-0.10969835435912988,0.47057777777777776,0.9272586929093499,0.8776666666666666,True,0.5667776853391854,250,300,300
configurational,sample size,250.0,extrap,2,63757,RF-centre,0.0037855980383780094,0.49039999999999995,0.9598041661365386,0.9460444444444444,True,0.5667776853391854,250,300,300
configurational,sample size,250.0,extrap,0,42,RF-patch,0.0690474338603762,0.5579111111111111,0.9269680170998879,0.9291555555555556,True,0.5667776853391854,250,300,300
configurational,sample size,250.0,extrap,1,55838,RF-patch,-0.14291073076606334,0.48431111111111114,0.9272586929093499,0.8776666666666666,True,0.5667776853391854,250,300,300
configurational,sample size,250.0,extrap,2,63757,RF-patch,0.03192524716110723,0.48386666666666667,0.9598041661365386,0.9460444444444444,True,0.5667776853391854,250,300,300
configurational,sample size,250.0,extrap,0,42,RF-oracle,0.7525639173768596,0.8643111111111111,0.9269680170998879,0.9291555555555556,False,0.5667776853391854,250,300,300
configurational,sample size,250.0,extrap,1,55838,RF-oracle,0.6357963168027172,0.7863555555555556,0.9272586929093499,0.8776666666666666,False,0.5667776853391854,250,300,300
configurational,sample size,250.0,extrap,2,63757,RF-oracle,0.8767611725420529,0.9364,0.9598041661365386,0.9460444444444444,False,0.5667776853391854,250,300,300
configurational,sample size,250.0,extrap,0,42,CNN-Ensemble,0.04657962866254069,0.5036888888888889,0.9269680170998879,0.9291555555555556,True,0.5667776853391854,250,300,300
configurational,sample size,250.0,extrap,1,55838,CNN-Ensemble,-0.07730487612193128,0.4810666666666667,0.9272586929093499,0.8776666666666666,True,0.5667776853391854,250,300,300
configurational,sample size,250.0,extrap,2,63757,CNN-Ensemble,0.03584662450100851,0.4792444444444445,0.9598041661365386,0.9460444444444444,True,0.5667776853391854,250,300,300
configurational,sample size,500.0,extrap,0,42,RF-centre,-0.020611786865608286,0.5030222222222221,0.8978114646582139,0.9456888888888888,True,0.5667776853391854,500,300,300
configurational,sample size,500.0,extrap,1,55838,RF-centre,-0.03515461673514358,0.47942222222222225,0.914204277058685,0.873688888888889,True,0.5667776853391854,500,300,300
configurational,sample size,500.0,extrap,2,63757,RF-centre,-0.04759697329970332,0.4508,0.9496309607578398,0.9328444444444445,True,0.5667776853391854,500,300,300
configurational,sample size,500.0,extrap,0,42,RF-patch,-0.016582630538409478,0.5031555555555556,0.8978114646582139,0.9456888888888888,True,0.5667776853391854,500,300,300
configurational,sample size,500.0,extrap,1,55838,RF-patch,-0.04950122218038255,0.4590666666666667,0.914204277058685,0.873688888888889,True,0.5667776853391854,500,300,300
configurational,sample size,500.0,extrap,2,63757,RF-patch,0.02185402060022889,0.4916,0.9496309607578398,0.9328444444444445,True,0.5667776853391854,500,300,300
configurational,sample size,500.0,extrap,0,42,RF-oracle,0.7906669608922234,0.8683333333333333,0.8978114646582139,0.9456888888888888,False,0.5667776853391854,500,300,300
configurational,sample size,500.0,extrap,1,55838,RF-oracle,0.7229665577358191,0.7681777777777778,0.914204277058685,0.873688888888889,False,0.5667776853391854,500,300,300
configurational,sample size,500.0,extrap,2,63757,RF-oracle,0.8848309169726363,0.9021777777777779,0.9496309607578398,0.9328444444444445,False,0.5667776853391854,500,300,300
configurational,sample size,500.0,extrap,0,42,CNN-Ensemble,0.06658185830752142,0.5211555555555555,0.8978114646582139,0.9456888888888888,True,0.5667776853391854,500,300,300
configurational,sample size,500.0,extrap,1,55838,CNN-Ensemble,0.010697231157816392,0.4718666666666667,0.914204277058685,0.873688888888889,True,0.5667776853391854,500,300,300
configurational,sample size,500.0,extrap,2,63757,CNN-Ensemble,0.06316025733619263,0.5357777777777779,0.9496309607578398,0.9328444444444445,True,0.5667776853391854,500,300,300
configurational,sample size,1000.0,extrap,0,42,RF-centre,0.09248971488343763,0.5477777777777778,0.9119598039322242,0.9527555555555555,True,0.5667776853391854,1000,300,300
configurational,sample size,1000.0,extrap,1,55838,RF-centre,0.07855154818959684,0.5441333333333334,0.905017983622115,0.8780222222222221,True,0.5667776853391854,1000,300,300
configurational,sample size,1000.0,extrap,2,63757,RF-centre,-0.03783330925899177,0.5235555555555556,0.9614152172283191,0.9436,True,0.5667776853391854,1000,300,300
configurational,sample size,1000.0,extrap,0,42,RF-patch,-0.01033789494058736,0.5340444444444444,0.9119598039322242,0.9527555555555555,True,0.5667776853391854,1000,300,300
configurational,sample size,1000.0,extrap,1,55838,RF-patch,0.1584500003833386,0.5587111111111112,0.905017983622115,0.8780222222222221,True,0.5667776853391854,1000,300,300
configurational,sample size,1000.0,extrap,2,63757,RF-patch,-0.0029400326670296338,0.5254666666666667,0.9614152172283191,0.9436,True,0.5667776853391854,1000,300,300
configurational,sample size,1000.0,extrap,0,42,RF-oracle,0.8371125983872467,0.9074222222222222,0.9119598039322242,0.9527555555555555,False,0.5667776853391854,1000,300,300
configurational,sample size,1000.0,extrap,1,55838,RF-oracle,0.8471992852364283,0.8199555555555555,0.905017983622115,0.8780222222222221,False,0.5667776853391854,1000,300,300
configurational,sample size,1000.0,extrap,2,63757,RF-oracle,0.9218273188935538,0.9279111111111111,0.9614152172283191,0.9436,False,0.5667776853391854,1000,300,300
configurational,sample size,1000.0,extrap,0,42,CNN-Ensemble,0.22177829126508425,0.5814222222222223,0.9119598039322242,0.9527555555555555,False,0.5667776853391854,1000,300,300
configurational,sample size,1000.0,extrap,1,55838,CNN-Ensemble,-0.02221869378756375,0.5003555555555556,0.905017983622115,0.8780222222222221,True,0.5667776853391854,1000,300,300
configurational,sample size,1000.0,extrap,2,63757,CNN-Ensemble,0.033845709396771076,0.5310666666666667,0.9614152172283191,0.9436,True,0.5667776853391854,1000,300,300
configurational,sample size,2000.0,extrap,0,42,RF-centre,0.04889700404349344,0.5171111111111112,0.9163162567105261,0.9236444444444445,True,0.5667776853391854,2000,300,300
configurational,sample size,2000.0,extrap,1,55838,RF-centre,-0.10010892346879638,0.5119111111111111,0.9242820135620424,0.8672222222222222,True,0.5667776853391854,2000,300,300
configurational,sample size,2000.0,extrap,2,63757,RF-centre,-0.007600973344148267,0.5049777777777777,0.9398080191072925,0.9554222222222222,True,0.5667776853391854,2000,300,300
configurational,sample size,2000.0,extrap,0,42,RF-patch,0.03979134427872007,0.5313777777777778,0.9163162567105261,0.9236444444444445,True,0.5667776853391854,2000,300,300
configurational,sample size,2000.0,extrap,1,55838,RF-patch,-0.0383328831429981,0.5394666666666666,0.9242820135620424,0.8672222222222222,True,0.5667776853391854,2000,300,300
configurational,sample size,2000.0,extrap,2,63757,RF-patch,0.02950299447771642,0.5123111111111112,0.9398080191072925,0.9554222222222222,True,0.5667776853391854,2000,300,300
configurational,sample size,2000.0,extrap,0,42,RF-oracle,0.881918759736966,0.9072,0.9163162567105261,0.9236444444444445,False,0.5667776853391854,2000,300,300
configurational,sample size,2000.0,extrap,1,55838,RF-oracle,0.8228321749495976,0.8393777777777778,0.9242820135620424,0.8672222222222222,False,0.5667776853391854,2000,300,300
configurational,sample size,2000.0,extrap,2,63757,RF-oracle,0.921094114500624,0.9417777777777777,0.9398080191072925,0.9554222222222222,False,0.5667776853391854,2000,300,300
configurational,sample size,2000.0,extrap,0,42,CNN-Ensemble,0.5411235261914965,0.7106666666666667,0.9163162567105261,0.9236444444444445,False,0.5667776853391854,2000,300,300
configurational,sample size,2000.0,extrap,1,55838,CNN-Ensemble,0.31698673884825107,0.6113333333333334,0.9242820135620424,0.8672222222222222,False,0.5667776853391854,2000,300,300
configurational,sample size,2000.0,extrap,2,63757,CNN-Ensemble,0.8377497527750308,0.8945333333333334,0.9398080191072925,0.9554222222222222,False,0.5667776853391854,2000,300,300
configurational,sample size,5000.0,extrap,0,42,RF-centre,0.016619742065994397,0.530888888888889,0.9132433610647497,0.9483111111111112,True,0.5667776853391854,5000,300,300
configurational,sample size,5000.0,extrap,1,55838,RF-centre,0.037935314607419716,0.4871111111111111,0.9228540455156097,0.8856888888888889,True,0.5667776853391854,5000,300,300
configurational,sample size,5000.0,extrap,2,63757,RF-centre,0.01106923656245909,0.5085777777777778,0.9422852366669521,0.9547333333333333,True,0.5667776853391854,5000,300,300
configurational,sample size,5000.0,extrap,0,42,RF-patch,0.058324210082802405,0.5470222222222222,0.9132433610647497,0.9483111111111112,True,0.5667776853391854,5000,300,300
configurational,sample size,5000.0,extrap,1,55838,RF-patch,0.08878321856723112,0.5044888888888889,0.9228540455156097,0.8856888888888889,True,0.5667776853391854,5000,300,300
configurational,sample size,5000.0,extrap,2,63757,RF-patch,-0.051766808912724505,0.4624888888888889,0.9422852366669521,0.9547333333333333,True,0.5667776853391854,5000,300,300
configurational,sample size,5000.0,extrap,0,42,RF-oracle,0.9070465020825792,0.9405777777777777,0.9132433610647497,0.9483111111111112,False,0.5667776853391854,5000,300,300
configurational,sample size,5000.0,extrap,1,55838,RF-oracle,0.9087681983986765,0.8534222222222222,0.9228540455156097,0.8856888888888889,False,0.5667776853391854,5000,300,300
configurational,sample size,5000.0,extrap,2,63757,RF-oracle,0.9017333872747654,0.9263111111111111,0.9422852366669521,0.9547333333333333,False,0.5667776853391854,5000,300,300
configurational,sample size,5000.0,extrap,0,42,CNN-Ensemble,0.6926093281713537,0.8208,0.9132433610647497,0.9483111111111112,False,0.5667776853391854,5000,300,300
configurational,sample size,5000.0,extrap,1,55838,CNN-Ensemble,0.5554760114530207,0.6980444444444445,0.9228540455156097,0.8856888888888889,False,0.5667776853391854,5000,300,300
configurational,sample size,5000.0,extrap,2,63757,CNN-Ensemble,0.8704398649851579,0.8923111111111112,0.9422852366669521,0.9547333333333333,False,0.5667776853391854,5000,300,300
configurational,sample size,100.0,random,0,42,RF-centre,0.038651540572673025,0.529511111111111,0.9318153286736652,0.9531555555555556,True,0.5667776853391854,100,300,300
configurational,sample size,100.0,random,1,55838,RF-centre,-0.0960415115723508,0.42737777777777775,0.9273798406265856,0.8824444444444445,True,0.5667776853391854,100,300,300
configurational,sample size,100.0,random,2,63757,RF-centre,-0.04700964911043132,0.4407555555555555,0.9366385156697317,0.9382222222222222,True,0.5667776853391854,100,300,300
configurational,sample size,100.0,random,0,42,RF-patch,0.07810131223680263,0.5465777777777778,0.9318153286736652,0.9531555555555556,True,0.5667776853391854,100,300,300
configurational,sample size,100.0,random,1,55838,RF-patch,-0.06590384337603751,0.44120000000000004,0.9273798406265856,0.8824444444444445,True,0.5667776853391854,100,300,300
configurational,sample size,100.0,random,2,63757,RF-patch,-0.019887338710655237,0.47364444444444453,0.9366385156697317,0.9382222222222222,True,0.5667776853391854,100,300,300
configurational,sample size,100.0,random,0,42,RF-oracle,0.745594506605629,0.8757333333333334,0.9318153286736652,0.9531555555555556,False,0.5667776853391854,100,300,300
configurational,sample size,100.0,random,1,55838,RF-oracle,0.20731608128979212,0.5514666666666667,0.9273798406265856,0.8824444444444445,True,0.5667776853391854,100,300,300
configurational,sample size,100.0,random,2,63757,RF-oracle,0.798969143758023,0.8536444444444444,0.9366385156697317,0.9382222222222222,False,0.5667776853391854,100,300,300
configurational,sample size,100.0,random,0,42,CNN-Ensemble,0.039260436227069186,0.5045333333333333,0.9318153286736652,0.9531555555555556,True,0.5667776853391854,100,300,300
configurational,sample size,100.0,random,1,55838,CNN-Ensemble,0.06823453593928822,0.5417777777777778,0.9273798406265856,0.8824444444444445,True,0.5667776853391854,100,300,300
configurational,sample size,100.0,random,2,63757,CNN-Ensemble,0.07213038104769821,0.4832888888888889,0.9366385156697317,0.9382222222222222,True,0.5667776853391854,100,300,300
configurational,sample size,250.0,random,0,42,RF-centre,-0.005532061467349637,0.49115555555555557,0.9141260985852917,0.9501333333333333,True,0.5667776853391854,250,300,300
configurational,sample size,250.0,random,1,55838,RF-centre,0.010027222524694719,0.5570222222222222,0.9100008199035529,0.8587111111111111,True,0.5667776853391854,250,300,300
configurational,sample size,250.0,random,2,63757,RF-centre,0.034177272433835296,0.5114666666666667,0.9427732880836782,0.9538666666666666,True,0.5667776853391854,250,300,300
configurational,sample size,250.0,random,0,42,RF-patch,-0.007392082134245935,0.49297777777777774,0.9141260985852917,0.9501333333333333,True,0.5667776853391854,250,300,300
configurational,sample size,250.0,random,1,55838,RF-patch,-0.0005648951655018388,0.5672,0.9100008199035529,0.8587111111111111,False,0.5667776853391854,250,300,300
configurational,sample size,250.0,random,2,63757,RF-patch,0.03666596702918577,0.5147111111111111,0.9427732880836782,0.9538666666666666,True,0.5667776853391854,250,300,300
configurational,sample size,250.0,random,0,42,RF-oracle,0.7416549072767474,0.8477777777777777,0.9141260985852917,0.9501333333333333,False,0.5667776853391854,250,300,300
configurational,sample size,250.0,random,1,55838,RF-oracle,0.47529105878954214,0.6972444444444443,0.9100008199035529,0.8587111111111111,False,0.5667776853391854,250,300,300
configurational,sample size,250.0,random,2,63757,RF-oracle,0.9076399635151517,0.9329333333333334,0.9427732880836782,0.9538666666666666,False,0.5667776853391854,250,300,300
configurational,sample size,250.0,random,0,42,CNN-Ensemble,0.19494527716974633,0.5489333333333333,0.9141260985852917,0.9501333333333333,True,0.5667776853391854,250,300,300
configurational,sample size,250.0,random,1,55838,CNN-Ensemble,0.14326381404237826,0.5344,0.9100008199035529,0.8587111111111111,True,0.5667776853391854,250,300,300
configurational,sample size,250.0,random,2,63757,CNN-Ensemble,0.05379838151517067,0.5267555555555556,0.9427732880836782,0.9538666666666666,True,0.5667776853391854,250,300,300
configurational,sample size,500.0,random,0,42,RF-centre,-0.040178450891504694,0.5244444444444444,0.9078369885799403,0.9186222222222222,True,0.5667776853391854,500,300,300
configurational,sample size,500.0,random,1,55838,RF-centre,-0.0017653529483660929,0.46382222222222214,0.9206523488947679,0.8682222222222222,True,0.5667776853391854,500,300,300
configurational,sample size,500.0,random,2,63757,RF-centre,-0.01063656381032727,0.4822666666666666,0.9430751405179923,0.9583555555555555,True,0.5667776853391854,500,300,300
configurational,sample size,500.0,random,0,42,RF-patch,-0.08056134852180057,0.49951111111111113,0.9078369885799403,0.9186222222222222,True,0.5667776853391854,500,300,300
configurational,sample size,500.0,random,1,55838,RF-patch,0.03702663362926255,0.4707555555555555,0.9206523488947679,0.8682222222222222,True,0.5667776853391854,500,300,300
configurational,sample size,500.0,random,2,63757,RF-patch,-0.01705996922854367,0.4828888888888889,0.9430751405179923,0.9583555555555555,True,0.5667776853391854,500,300,300
configurational,sample size,500.0,random,0,42,RF-oracle,0.8286008542984811,0.8530666666666666,0.9078369885799403,0.9186222222222222,False,0.5667776853391854,500,300,300
configurational,sample size,500.0,random,1,55838,RF-oracle,0.754400826675852,0.7862222222222223,0.9206523488947679,0.8682222222222222,False,0.5667776853391854,500,300,300
configurational,sample size,500.0,random,2,63757,RF-oracle,0.8916934391923108,0.9324000000000001,0.9430751405179923,0.9583555555555555,False,0.5667776853391854,500,300,300
configurational,sample size,500.0,random,0,42,CNN-Ensemble,0.1372244288519246,0.5408444444444445,0.9078369885799403,0.9186222222222222,True,0.5667776853391854,500,300,300
configurational,sample size,500.0,random,1,55838,CNN-Ensemble,-0.04969011318904831,0.4921333333333333,0.9206523488947679,0.8682222222222222,True,0.5667776853391854,500,300,300
configurational,sample size,500.0,random,2,63757,CNN-Ensemble,0.2232214187316345,0.5859555555555556,0.9430751405179923,0.9583555555555555,False,0.5667776853391854,500,300,300
configurational,sample size,1000.0,random,0,42,RF-centre,-0.04332559732059242,0.48355555555555557,0.9164038032660327,0.952088888888889,True,0.5667776853391854,1000,300,300
configurational,sample size,1000.0,random,1,55838,RF-centre,0.061703352259469546,0.5266666666666667,0.9081151944158349,0.8966222222222222,True,0.5667776853391854,1000,300,300
configurational,sample size,1000.0,random,2,63757,RF-centre,0.08663322331725579,0.5207555555555555,0.9507209337876337,0.947911111111111,True,0.5667776853391854,1000,300,300
configurational,sample size,1000.0,random,0,42,RF-patch,-0.05496350570156432,0.4763111111111111,0.9164038032660327,0.952088888888889,True,0.5667776853391854,1000,300,300
configurational,sample size,1000.0,random,1,55838,RF-patch,0.047843198257758415,0.4976444444444444,0.9081151944158349,0.8966222222222222,True,0.5667776853391854,1000,300,300
configurational,sample size,1000.0,random,2,63757,RF-patch,0.10405009124550911,0.5240444444444445,0.9507209337876337,0.947911111111111,True,0.5667776853391854,1000,300,300
configurational,sample size,1000.0,random,0,42,RF-oracle,0.8593971999019152,0.9028,0.9164038032660327,0.952088888888889,False,0.5667776853391854,1000,300,300
configurational,sample size,1000.0,random,1,55838,RF-oracle,0.8353060406566837,0.8608,0.9081151944158349,0.8966222222222222,False,0.5667776853391854,1000,300,300
configurational,sample size,1000.0,random,2,63757,RF-oracle,0.906684921692518,0.9228444444444445,0.9507209337876337,0.947911111111111,False,0.5667776853391854,1000,300,300
configurational,sample size,1000.0,random,0,42,CNN-Ensemble,0.08072957263187115,0.5641777777777778,0.9164038032660327,0.952088888888889,True,0.5667776853391854,1000,300,300
configurational,sample size,1000.0,random,1,55838,CNN-Ensemble,0.09013434484098154,0.5599555555555555,0.9081151944158349,0.8966222222222222,True,0.5667776853391854,1000,300,300
configurational,sample size,1000.0,random,2,63757,CNN-Ensemble,0.7983690033752291,0.8830222222222222,0.9507209337876337,0.947911111111111,False,0.5667776853391854,1000,300,300
configurational,sample size,2000.0,random,0,42,RF-centre,0.02382027260978786,0.5528888888888889,0.8883955692659835,0.9620888888888889,True,0.5667776853391854,2000,300,300
configurational,sample size,2000.0,random,1,55838,RF-centre,0.008655875877704604,0.46324444444444435,0.9176873469069701,0.8884666666666666,True,0.5667776853391854,2000,300,300
configurational,sample size,2000.0,random,2,63757,RF-centre,0.06196336203328542,0.5255555555555556,0.9527235757500911,0.9623555555555555,True,0.5667776853391854,2000,300,300
configurational,sample size,2000.0,random,0,42,RF-patch,0.023568047500989377,0.5506222222222221,0.8883955692659835,0.9620888888888889,True,0.5667776853391854,2000,300,300
configurational,sample size,2000.0,random,1,55838,RF-patch,0.03597840775528878,0.5009777777777779,0.9176873469069701,0.8884666666666666,True,0.5667776853391854,2000,300,300
configurational,sample size,2000.0,random,2,63757,RF-patch,0.049104995511616595,0.5226666666666666,0.9527235757500911,0.9623555555555555,True,0.5667776853391854,2000,300,300
configurational,sample size,2000.0,random,0,42,RF-oracle,0.9004714282919005,0.9532444444444444,0.8883955692659835,0.9620888888888889,False,0.5667776853391854,2000,300,300
configurational,sample size,2000.0,random,1,55838,RF-oracle,0.8802242872359223,0.8674666666666667,0.9176873469069701,0.8884666666666666,False,0.5667776853391854,2000,300,300
configurational,sample size,2000.0,random,2,63757,RF-oracle,0.9282741313203156,0.9586222222222223,0.9527235757500911,0.9623555555555555,False,0.5667776853391854,2000,300,300
configurational,sample size,2000.0,random,0,42,CNN-Ensemble,0.05028058102004859,0.5365111111111112,0.8883955692659835,0.9620888888888889,True,0.5667776853391854,2000,300,300
configurational,sample size,2000.0,random,1,55838,CNN-Ensemble,0.5012521253018768,0.7294222222222222,0.9176873469069701,0.8884666666666666,False,0.5667776853391854,2000,300,300
configurational,sample size,2000.0,random,2,63757,CNN-Ensemble,0.8527146804647527,0.9038222222222223,0.9527235757500911,0.9623555555555555,False,0.5667776853391854,2000,300,300
configurational,sample size,5000.0,random,0,42,RF-centre,-0.04015200168890765,0.4918666666666667,0.9196975668635586,0.9378666666666666,True,0.5667776853391854,5000,300,300
configurational,sample size,5000.0,random,1,55838,RF-centre,-0.07683685374281936,0.492,0.9303573404442943,0.8970666666666667,True,0.5667776853391854,5000,300,300
configurational,sample size,5000.0,random,2,63757,RF-centre,0.015516616851298348,0.5084888888888889,0.9375975482619855,0.9460444444444445,True,0.5667776853391854,5000,300,300
configurational,sample size,5000.0,random,0,42,RF-patch,0.006530294781053122,0.4807111111111111,0.9196975668635586,0.9378666666666666,True,0.5667776853391854,5000,300,300
configurational,sample size,5000.0,random,1,55838,RF-patch,-0.03316259069545217,0.5015555555555555,0.9303573404442943,0.8970666666666667,True,0.5667776853391854,5000,300,300
configurational,sample size,5000.0,random,2,63757,RF-patch,0.062114023489149885,0.5222666666666667,0.9375975482619855,0.9460444444444445,True,0.5667776853391854,5000,300,300
configurational,sample size,5000.0,random,0,42,RF-oracle,0.9242034169824137,0.9116,0.9196975668635586,0.9378666666666666,False,0.5667776853391854,5000,300,300
configurational,sample size,5000.0,random,1,55838,RF-oracle,0.9073951727008686,0.8694222222222222,0.9303573404442943,0.8970666666666667,False,0.5667776853391854,5000,300,300
configurational,sample size,5000.0,random,2,63757,RF-oracle,0.9393646297755796,0.9374666666666667,0.9375975482619855,0.9460444444444445,False,0.5667776853391854,5000,300,300
configurational,sample size,5000.0,random,0,42,CNN-Ensemble,0.6473187479860887,0.7838222222222222,0.9196975668635586,0.9378666666666666,False,0.5667776853391854,5000,300,300
configurational,sample size,5000.0,random,1,55838,CNN-Ensemble,0.584294492161024,0.7088444444444444,0.9303573404442943,0.8970666666666667,False,0.5667776853391854,5000,300,300
configurational,sample size,5000.0,random,2,63757,CNN-Ensemble,0.8754426160290669,0.9155555555555556,0.9375975482619855,0.9460444444444445,False,0.5667776853391854,5000,300,300
configurational,prevalence,0.05,extrap,0,42,RF-centre,-0.08194802164468493,0.4707555555555556,0.9095927385357748,0.9034222222222221,True,0.5667776853391854,2000,300,300
configurational,prevalence,0.05,extrap,1,55838,RF-centre,-0.00017600195557728417,0.4744888888888889,0.9208255095446194,0.8255111111111111,True,0.5667776853391854,2000,300,300
configurational,prevalence,0.05,extrap,2,63757,RF-centre,-0.013767932284573502,0.48382222222222226,0.9158507929816357,0.9299555555555556,True,0.5667776853391854,2000,300,300
configurational,prevalence,0.05,extrap,0,42,RF-patch,0.041160012889032094,0.5132,0.9095927385357748,0.9034222222222221,True,0.5667776853391854,2000,300,300
configurational,prevalence,0.05,extrap,1,55838,RF-patch,0.022914921276903078,0.47768888888888894,0.9208255095446194,0.8255111111111111,True,0.5667776853391854,2000,300,300
configurational,prevalence,0.05,extrap,2,63757,RF-patch,0.07681708428061294,0.4999555555555556,0.9158507929816357,0.9299555555555556,True,0.5667776853391854,2000,300,300
configurational,prevalence,0.05,extrap,0,42,RF-oracle,0.8757457305081167,0.8889777777777778,0.9095927385357748,0.9034222222222221,False,0.5667776853391854,2000,300,300
configurational,prevalence,0.05,extrap,1,55838,RF-oracle,0.8659140657118413,0.8101333333333334,0.9208255095446194,0.8255111111111111,False,0.5667776853391854,2000,300,300
configurational,prevalence,0.05,extrap,2,63757,RF-oracle,0.9109603242170078,0.9028,0.9158507929816357,0.9299555555555556,False,0.5667776853391854,2000,300,300
configurational,prevalence,0.05,extrap,0,42,CNN-Ensemble,0.5549306103401148,0.7491111111111111,0.9095927385357748,0.9034222222222221,False,0.5667776853391854,2000,300,300
configurational,prevalence,0.05,extrap,1,55838,CNN-Ensemble,0.004500938899321103,0.44448888888888893,0.9208255095446194,0.8255111111111111,True,0.5667776853391854,2000,300,300
configurational,prevalence,0.05,extrap,2,63757,CNN-Ensemble,0.7735820146426136,0.8164888888888888,0.9158507929816357,0.9299555555555556,False,0.5667776853391854,2000,300,300
configurational,prevalence,0.1,extrap,0,42,RF-centre,-0.05534818283496238,0.45448888888888894,0.896601698271858,0.9407555555555556,True,0.5667776853391854,2000,300,300
configurational,prevalence,0.1,extrap,1,55838,RF-centre,0.02761764019600218,0.5212,0.9118528470482674,0.8211111111111111,True,0.5667776853391854,2000,300,300
configurational,prevalence,0.1,extrap,2,63757,RF-centre,-0.046518304985235424,0.4769777777777777,0.9229973604587842,0.9465333333333333,True,0.5667776853391854,2000,300,300
configurational,prevalence,0.1,extrap,0,42,RF-patch,0.000795342347213288,0.46013333333333334,0.896601698271858,0.9407555555555556,True,0.5667776853391854,2000,300,300
configurational,prevalence,0.1,extrap,1,55838,RF-patch,0.1125523616929077,0.513511111111111,0.9118528470482674,0.8211111111111111,True,0.5667776853391854,2000,300,300
configurational,prevalence,0.1,extrap,2,63757,RF-patch,0.03864177127340872,0.5058666666666667,0.9229973604587842,0.9465333333333333,True,0.5667776853391854,2000,300,300
configurational,prevalence,0.1,extrap,0,42,RF-oracle,0.846577936713102,0.8983555555555556,0.896601698271858,0.9407555555555556,False,0.5667776853391854,2000,300,300
configurational,prevalence,0.1,extrap,1,55838,RF-oracle,0.8470014111267903,0.7933777777777777,0.9118528470482674,0.8211111111111111,False,0.5667776853391854,2000,300,300
configurational,prevalence,0.1,extrap,2,63757,RF-oracle,0.8967792065339502,0.9176444444444445,0.9229973604587842,0.9465333333333333,False,0.5667776853391854,2000,300,300
configurational,prevalence,0.1,extrap,0,42,CNN-Ensemble,0.5595934531702609,0.7427555555555555,0.896601698271858,0.9407555555555556,False,0.5667776853391854,2000,300,300
configurational,prevalence,0.1,extrap,1,55838,CNN-Ensemble,0.2496649962777364,0.5666666666666667,0.9118528470482674,0.8211111111111111,True,0.5667776853391854,2000,300,300
configurational,prevalence,0.1,extrap,2,63757,CNN-Ensemble,0.748429815537928,0.8384888888888888,0.9229973604587842,0.9465333333333333,False,0.5667776853391854,2000,300,300
configurational,prevalence,0.2,extrap,0,42,RF-centre,0.015495062777926826,0.48733333333333334,0.893188642260868,0.9488000000000001,True,0.5667776853391854,2000,300,300
configurational,prevalence,0.2,extrap,1,55838,RF-centre,0.01480772008577873,0.5318666666666667,0.9249918629140833,0.8904444444444445,True,0.5667776853391854,2000,300,300
configurational,prevalence,0.2,extrap,2,63757,RF-centre,0.006106958101080852,0.49622222222222223,0.9366299184196313,0.9419777777777778,True,0.5667776853391854,2000,300,300
configurational,prevalence,0.2,extrap,0,42,RF-patch,0.023313817188393034,0.49968888888888896,0.893188642260868,0.9488000000000001,True,0.5667776853391854,2000,300,300
configurational,prevalence,0.2,extrap,1,55838,RF-patch,0.050486338737097076,0.5422222222222223,0.9249918629140833,0.8904444444444445,True,0.5667776853391854,2000,300,300
configurational,prevalence,0.2,extrap,2,63757,RF-patch,-0.037141309823734474,0.4753777777777778,0.9366299184196313,0.9419777777777778,True,0.5667776853391854,2000,300,300
configurational,prevalence,0.2,extrap,0,42,RF-oracle,0.8852168156461416,0.9086666666666666,0.893188642260868,0.9488000000000001,False,0.5667776853391854,2000,300,300
configurational,prevalence,0.2,extrap,1,55838,RF-oracle,0.8754381715352392,0.8506222222222223,0.9249918629140833,0.8904444444444445,False,0.5667776853391854,2000,300,300
configurational,prevalence,0.2,extrap,2,63757,RF-oracle,0.9204986545403296,0.9364888888888889,0.9366299184196313,0.9419777777777778,False,0.5667776853391854,2000,300,300
configurational,prevalence,0.2,extrap,0,42,CNN-Ensemble,0.6265254754525617,0.7948888888888889,0.893188642260868,0.9488000000000001,False,0.5667776853391854,2000,300,300
configurational,prevalence,0.2,extrap,1,55838,CNN-Ensemble,0.14735852620584672,0.5393777777777777,0.9249918629140833,0.8904444444444445,True,0.5667776853391854,2000,300,300
configurational,prevalence,0.2,extrap,2,63757,CNN-Ensemble,0.7944152255947985,0.8672888888888889,0.9366299184196313,0.9419777777777778,False,0.5667776853391854,2000,300,300
configurational,prevalence,0.3,extrap,0,42,RF-centre,0.05637487366521237,0.5052888888888889,0.9186809318085531,0.9618666666666666,True,0.5667776853391854,2000,300,300
configurational,prevalence,0.3,extrap,1,55838,RF-centre,-0.021112905946267913,0.5125333333333333,0.9406407607671511,0.8956888888888889,True,0.5667776853391854,2000,300,300
configurational,prevalence,0.3,extrap,2,63757,RF-centre,0.05060612346871923,0.517911111111111,0.9536305069645844,0.9729777777777777,True,0.5667776853391854,2000,300,300
configurational,prevalence,0.3,extrap,0,42,RF-patch,0.05664754348273028,0.5090666666666667,0.9186809318085531,0.9618666666666666,True,0.5667776853391854,2000,300,300
configurational,prevalence,0.3,extrap,1,55838,RF-patch,0.0420964770934081,0.5515555555555556,0.9406407607671511,0.8956888888888889,True,0.5667776853391854,2000,300,300
configurational,prevalence,0.3,extrap,2,63757,RF-patch,0.032490142389375906,0.49995555555555554,0.9536305069645844,0.9729777777777777,True,0.5667776853391854,2000,300,300
configurational,prevalence,0.3,extrap,0,42,RF-oracle,0.9049900132180199,0.9340444444444445,0.9186809318085531,0.9618666666666666,False,0.5667776853391854,2000,300,300
configurational,prevalence,0.3,extrap,1,55838,RF-oracle,0.8849355848255387,0.8740000000000001,0.9406407607671511,0.8956888888888889,False,0.5667776853391854,2000,300,300
configurational,prevalence,0.3,extrap,2,63757,RF-oracle,0.9395834331029772,0.9554666666666667,0.9536305069645844,0.9729777777777777,False,0.5667776853391854,2000,300,300
configurational,prevalence,0.3,extrap,0,42,CNN-Ensemble,0.6196802718609805,0.7446666666666667,0.9186809318085531,0.9618666666666666,False,0.5667776853391854,2000,300,300
configurational,prevalence,0.3,extrap,1,55838,CNN-Ensemble,0.23488110643032312,0.6314222222222222,0.9406407607671511,0.8956888888888889,False,0.5667776853391854,2000,300,300
configurational,prevalence,0.3,extrap,2,63757,CNN-Ensemble,0.8436159116896809,0.9188888888888889,0.9536305069645844,0.9729777777777777,False,0.5667776853391854,2000,300,300
configurational,prevalence,0.5,extrap,0,42,RF-centre,0.03154035044833831,0.5044,0.9581600386309809,0.9568444444444444,True,0.5667776853391854,2000,300,300
configurational,prevalence,0.5,extrap,1,55838,RF-centre,-0.09073878598651096,0.4686666666666666,0.9451937757356333,0.9406666666666667,True,0.5667776853391854,2000,300,300
configurational,prevalence,0.5,extrap,2,63757,RF-centre,0.02381582017577973,0.507688888888889,0.9643828630357871,0.9519555555555554,True,0.5667776853391854,2000,300,300
configurational,prevalence,0.5,extrap,0,42,RF-patch,0.039097323303592266,0.5058222222222223,0.9581600386309809,0.9568444444444444,True,0.5667776853391854,2000,300,300
configurational,prevalence,0.5,extrap,1,55838,RF-patch,-0.10410382337581528,0.46857777777777776,0.9451937757356333,0.9406666666666667,True,0.5667776853391854,2000,300,300
configurational,prevalence,0.5,extrap,2,63757,RF-patch,-0.003326259180657563,0.4972444444444445,0.9643828630357871,0.9519555555555554,True,0.5667776853391854,2000,300,300
configurational,prevalence,0.5,extrap,0,42,RF-oracle,0.9289023211369015,0.9375555555555556,0.9581600386309809,0.9568444444444444,False,0.5667776853391854,2000,300,300
configurational,prevalence,0.5,extrap,1,55838,RF-oracle,0.935296169957444,0.9171111111111111,0.9451937757356333,0.9406666666666667,False,0.5667776853391854,2000,300,300
configurational,prevalence,0.5,extrap,2,63757,RF-oracle,0.9479723108034532,0.9452444444444444,0.9643828630357871,0.9519555555555554,False,0.5667776853391854,2000,300,300
configurational,prevalence,0.5,extrap,0,42,CNN-Ensemble,0.5814215713507928,0.7305333333333334,0.9581600386309809,0.9568444444444444,False,0.5667776853391854,2000,300,300
configurational,prevalence,0.5,extrap,1,55838,CNN-Ensemble,0.588859431771464,0.7500888888888888,0.9451937757356333,0.9406666666666667,False,0.5667776853391854,2000,300,300
configurational,prevalence,0.5,extrap,2,63757,CNN-Ensemble,0.8395328836987077,0.8582222222222222,0.9643828630357871,0.9519555555555554,False,0.5667776853391854,2000,300,300
configurational,prevalence,0.7,extrap,0,42,RF-centre,-0.1218293536594851,0.5112888888888889,0.9467185030396558,0.9344888888888889,True,0.5667776853391854,2000,300,300
configurational,prevalence,0.7,extrap,1,55838,RF-centre,-0.02283980933121479,0.5042666666666666,0.9316818523391803,0.9596,True,0.5667776853391854,2000,300,300
configurational,prevalence,0.7,extrap,2,63757,RF-centre,-0.033444816053511704,0.5017333333333334,0.961716935011304,0.9363555555555556,True,0.5667776853391854,2000,300,300
configurational,prevalence,0.7,extrap,0,42,RF-patch,-0.10818609095656617,0.5260444444444443,0.9467185030396558,0.9344888888888889,True,0.5667776853391854,2000,300,300
configurational,prevalence,0.7,extrap,1,55838,RF-patch,-0.014039711552350582,0.5177777777777778,0.9316818523391803,0.9596,True,0.5667776853391854,2000,300,300
configurational,prevalence,0.7,extrap,2,63757,RF-patch,-0.04868187424304714,0.4819555555555556,0.961716935011304,0.9363555555555556,True,0.5667776853391854,2000,300,300
configurational,prevalence,0.7,extrap,0,42,RF-oracle,0.9185888732097022,0.9214666666666665,0.9467185030396558,0.9344888888888889,False,0.5667776853391854,2000,300,300
configurational,prevalence,0.7,extrap,1,55838,RF-oracle,0.930466782964255,0.9416444444444444,0.9316818523391803,0.9596,False,0.5667776853391854,2000,300,300
configurational,prevalence,0.7,extrap,2,63757,RF-oracle,0.9318321314681273,0.9088888888888889,0.961716935011304,0.9363555555555556,False,0.5667776853391854,2000,300,300
configurational,prevalence,0.7,extrap,0,42,CNN-Ensemble,0.842405804508939,0.8838666666666667,0.9467185030396558,0.9344888888888889,False,0.5667776853391854,2000,300,300
configurational,prevalence,0.7,extrap,1,55838,CNN-Ensemble,0.6617077967532972,0.8012,0.9316818523391803,0.9596,False,0.5667776853391854,2000,300,300
configurational,prevalence,0.7,extrap,2,63757,CNN-Ensemble,0.8581379793108811,0.8686222222222222,0.961716935011304,0.9363555555555556,False,0.5667776853391854,2000,300,300
configurational,prevalence,0.05,random,0,42,RF-centre,-0.019845553839487103,0.4601333333333334,0.9033356382576823,0.9011555555555555,True,0.5667776853391854,2000,300,300
configurational,prevalence,0.05,random,1,55838,RF-centre,0.06705007833420372,0.5664,0.8918883251049445,0.8382666666666666,True,0.5667776853391854,2000,300,300
configurational,prevalence,0.05,random,2,63757,RF-centre,-0.016637073745263836,0.503511111111111,0.9253120105207033,0.9161333333333332,True,0.5667776853391854,2000,300,300
configurational,prevalence,0.05,random,0,42,RF-patch,0.034393715485727616,0.4872,0.9033356382576823,0.9011555555555555,True,0.5667776853391854,2000,300,300
configurational,prevalence,0.05,random,1,55838,RF-patch,0.07790353226146957,0.5211555555555556,0.8918883251049445,0.8382666666666666,True,0.5667776853391854,2000,300,300
configurational,prevalence,0.05,random,2,63757,RF-patch,-0.014321048011644574,0.48466666666666675,0.9253120105207033,0.9161333333333332,True,0.5667776853391854,2000,300,300
configurational,prevalence,0.05,random,0,42,RF-oracle,0.8664436640651033,0.8665777777777778,0.9033356382576823,0.9011555555555555,False,0.5667776853391854,2000,300,300
configurational,prevalence,0.05,random,1,55838,RF-oracle,0.8289989715466465,0.8016444444444445,0.8918883251049445,0.8382666666666666,False,0.5667776853391854,2000,300,300
configurational,prevalence,0.05,random,2,63757,RF-oracle,0.8909102082673349,0.8977333333333333,0.9253120105207033,0.9161333333333332,False,0.5667776853391854,2000,300,300
configurational,prevalence,0.05,random,0,42,CNN-Ensemble,0.646879631995911,0.7732888888888889,0.9033356382576823,0.9011555555555555,False,0.5667776853391854,2000,300,300
configurational,prevalence,0.05,random,1,55838,CNN-Ensemble,0.17156057289525437,0.5364,0.8918883251049445,0.8382666666666666,True,0.5667776853391854,2000,300,300
configurational,prevalence,0.05,random,2,63757,CNN-Ensemble,0.7900252225024721,0.8288,0.9253120105207033,0.9161333333333332,False,0.5667776853391854,2000,300,300
configurational,prevalence,0.1,random,0,42,RF-centre,0.014431715907954532,0.5576,0.8915210357241296,0.8967111111111111,True,0.5667776853391854,2000,300,300
configurational,prevalence,0.1,random,1,55838,RF-centre,-0.04681896985732869,0.5087111111111111,0.9065875669547608,0.8535333333333334,True,0.5667776853391854,2000,300,300
configurational,prevalence,0.1,random,2,63757,RF-centre,0.0006986745073472534,0.48715555555555556,0.9338472086395594,0.9347999999999999,True,0.5667776853391854,2000,300,300
configurational,prevalence,0.1,random,0,42,RF-patch,0.029189657662862918,0.5502222222222223,0.8915210357241296,0.8967111111111111,True,0.5667776853391854,2000,300,300
configurational,prevalence,0.1,random,1,55838,RF-patch,-0.03806620496518928,0.5019555555555556,0.9065875669547608,0.8535333333333334,True,0.5667776853391854,2000,300,300
configurational,prevalence,0.1,random,2,63757,RF-patch,0.006578962719470559,0.48982222222222216,0.9338472086395594,0.9347999999999999,True,0.5667776853391854,2000,300,300
configurational,prevalence,0.1,random,0,42,RF-oracle,0.8806434089653106,0.8543999999999999,0.8915210357241296,0.8967111111111111,False,0.5667776853391854,2000,300,300
configurational,prevalence,0.1,random,1,55838,RF-oracle,0.8572557790952482,0.8073777777777777,0.9065875669547608,0.8535333333333334,False,0.5667776853391854,2000,300,300
configurational,prevalence,0.1,random,2,63757,RF-oracle,0.9196130303550131,0.9131555555555555,0.9338472086395594,0.9347999999999999,False,0.5667776853391854,2000,300,300
configurational,prevalence,0.1,random,0,42,CNN-Ensemble,0.007927644521344122,0.5106222222222222,0.8915210357241296,0.8967111111111111,True,0.5667776853391854,2000,300,300
configurational,prevalence,0.1,random,1,55838,CNN-Ensemble,0.15002879476758665,0.5384,0.9065875669547608,0.8535333333333334,True,0.5667776853391854,2000,300,300
configurational,prevalence,0.1,random,2,63757,CNN-Ensemble,0.8155944861159048,0.868088888888889,0.9338472086395594,0.9347999999999999,False,0.5667776853391854,2000,300,300
configurational,prevalence,0.2,random,0,42,RF-centre,-0.01624440452053972,0.4776,0.9076077520749872,0.9206222222222222,True,0.5667776853391854,2000,300,300
configurational,prevalence,0.2,random,1,55838,RF-centre,-0.010342782735672986,0.49542222222222226,0.9175489793034375,0.8690666666666667,True,0.5667776853391854,2000,300,300
configurational,prevalence,0.2,random,2,63757,RF-centre,-0.010852344009638396,0.5151111111111112,0.9269645344155909,0.9382666666666666,True,0.5667776853391854,2000,300,300
configurational,prevalence,0.2,random,0,42,RF-patch,-0.010647452821415061,0.49435555555555555,0.9076077520749872,0.9206222222222222,True,0.5667776853391854,2000,300,300
configurational,prevalence,0.2,random,1,55838,RF-patch,-0.029291662050874304,0.47253333333333336,0.9175489793034375,0.8690666666666667,True,0.5667776853391854,2000,300,300
configurational,prevalence,0.2,random,2,63757,RF-patch,-0.0024982502581418014,0.5163555555555556,0.9269645344155909,0.9382666666666666,True,0.5667776853391854,2000,300,300
configurational,prevalence,0.2,random,0,42,RF-oracle,0.9034191276390021,0.9137333333333334,0.9076077520749872,0.9206222222222222,False,0.5667776853391854,2000,300,300
configurational,prevalence,0.2,random,1,55838,RF-oracle,0.8270900938289184,0.8231555555555555,0.9175489793034375,0.8690666666666667,False,0.5667776853391854,2000,300,300
configurational,prevalence,0.2,random,2,63757,RF-oracle,0.9283006296209722,0.9111555555555556,0.9269645344155909,0.9382666666666666,False,0.5667776853391854,2000,300,300
configurational,prevalence,0.2,random,0,42,CNN-Ensemble,0.6370893717807317,0.7908888888888889,0.9076077520749872,0.9206222222222222,False,0.5667776853391854,2000,300,300
configurational,prevalence,0.2,random,1,55838,CNN-Ensemble,0.25864734704245174,0.5731111111111111,0.9175489793034375,0.8690666666666667,False,0.5667776853391854,2000,300,300
configurational,prevalence,0.2,random,2,63757,CNN-Ensemble,0.8125671188087827,0.8352888888888889,0.9269645344155909,0.9382666666666666,False,0.5667776853391854,2000,300,300
configurational,prevalence,0.3,random,0,42,RF-centre,0.026603187435770274,0.5493333333333332,0.9459724258818026,0.9636888888888889,True,0.5667776853391854,2000,300,300
configurational,prevalence,0.3,random,1,55838,RF-centre,0.0007853420593562151,0.49511111111111106,0.9186601818222608,0.9118222222222222,True,0.5667776853391854,2000,300,300
configurational,prevalence,0.3,random,2,63757,RF-centre,-0.0003257813975710841,0.5005333333333333,0.95937603899268,0.9765777777777778,True,0.5667776853391854,2000,300,300
configurational,prevalence,0.3,random,0,42,RF-patch,0.008515428895368767,0.5475555555555556,0.9459724258818026,0.9636888888888889,True,0.5667776853391854,2000,300,300
configurational,prevalence,0.3,random,1,55838,RF-patch,-0.04225246947188302,0.4595111111111111,0.9186601818222608,0.9118222222222222,True,0.5667776853391854,2000,300,300
configurational,prevalence,0.3,random,2,63757,RF-patch,-0.07244436049289436,0.4681333333333334,0.95937603899268,0.9765777777777778,True,0.5667776853391854,2000,300,300
configurational,prevalence,0.3,random,0,42,RF-oracle,0.9240321051436785,0.9404888888888889,0.9459724258818026,0.9636888888888889,False,0.5667776853391854,2000,300,300
configurational,prevalence,0.3,random,1,55838,RF-oracle,0.8943579373104145,0.8761333333333333,0.9186601818222608,0.9118222222222222,False,0.5667776853391854,2000,300,300
configurational,prevalence,0.3,random,2,63757,RF-oracle,0.9091893142356431,0.9629777777777778,0.95937603899268,0.9765777777777778,False,0.5667776853391854,2000,300,300
configurational,prevalence,0.3,random,0,42,CNN-Ensemble,0.7300248591678685,0.8668444444444444,0.9459724258818026,0.9636888888888889,False,0.5667776853391854,2000,300,300
configurational,prevalence,0.3,random,1,55838,CNN-Ensemble,0.17165924065822952,0.5332888888888889,0.9186601818222608,0.9118222222222222,True,0.5667776853391854,2000,300,300
configurational,prevalence,0.3,random,2,63757,CNN-Ensemble,0.8711172346359404,0.9271555555555556,0.95937603899268,0.9765777777777778,False,0.5667776853391854,2000,300,300
configurational,prevalence,0.5,random,0,42,RF-centre,0.02445138822684495,0.5397777777777778,0.9522606260493568,0.9508,True,0.5667776853391854,2000,300,300
configurational,prevalence,0.5,random,1,55838,RF-centre,0.010512561250680562,0.4955111111111111,0.9453328232093373,0.9590666666666666,True,0.5667776853391854,2000,300,300
configurational,prevalence,0.5,random,2,63757,RF-centre,-0.09520462396300283,0.49724444444444443,0.9644190441957822,0.9439555555555557,True,0.5667776853391854,2000,300,300
configurational,prevalence,0.5,random,0,42,RF-patch,0.0192228845260251,0.5287555555555555,0.9522606260493568,0.9508,True,0.5667776853391854,2000,300,300
configurational,prevalence,0.5,random,1,55838,RF-patch,0.07334570384115378,0.5302222222222223,0.9453328232093373,0.9590666666666666,True,0.5667776853391854,2000,300,300
configurational,prevalence,0.5,random,2,63757,RF-patch,-0.09150947138406831,0.4931555555555555,0.9644190441957822,0.9439555555555557,True,0.5667776853391854,2000,300,300
configurational,prevalence,0.5,random,0,42,RF-oracle,0.9101618707234461,0.9302222222222222,0.9522606260493568,0.9508,False,0.5667776853391854,2000,300,300
configurational,prevalence,0.5,random,1,55838,RF-oracle,0.9228293647707195,0.9365333333333333,0.9453328232093373,0.9590666666666666,False,0.5667776853391854,2000,300,300
configurational,prevalence,0.5,random,2,63757,RF-oracle,0.9372115106193426,0.9294666666666668,0.9644190441957822,0.9439555555555557,False,0.5667776853391854,2000,300,300
configurational,prevalence,0.5,random,0,42,CNN-Ensemble,0.7703251747964445,0.8404888888888888,0.9522606260493568,0.9508,False,0.5667776853391854,2000,300,300
configurational,prevalence,0.5,random,1,55838,CNN-Ensemble,0.5093394371048567,0.7385333333333334,0.9453328232093373,0.9590666666666666,False,0.5667776853391854,2000,300,300
configurational,prevalence,0.5,random,2,63757,CNN-Ensemble,0.8748555956016892,0.8936,0.9644190441957822,0.9439555555555557,False,0.5667776853391854,2000,300,300
configurational,prevalence,0.7,random,0,42,RF-centre,-0.08085112056800631,0.47604444444444444,0.9512191160250552,0.9470222222222222,True,0.5667776853391854,2000,300,300
configurational,prevalence,0.7,random,1,55838,RF-centre,0.02206068956321737,0.5224000000000001,0.9311230945015267,0.9704888888888888,True,0.5667776853391854,2000,300,300
configurational,prevalence,0.7,random,2,63757,RF-centre,0.02339048211646796,0.49751111111111107,0.9548902467797795,0.9527555555555555,True,0.5667776853391854,2000,300,300
configurational,prevalence,0.7,random,0,42,RF-patch,-0.06911321236902632,0.4885777777777778,0.9512191160250552,0.9470222222222222,True,0.5667776853391854,2000,300,300
configurational,prevalence,0.7,random,1,55838,RF-patch,0.031222569139657107,0.5372444444444444,0.9311230945015267,0.9704888888888888,True,0.5667776853391854,2000,300,300
configurational,prevalence,0.7,random,2,63757,RF-patch,0.05478771986355404,0.5384,0.9548902467797795,0.9527555555555555,True,0.5667776853391854,2000,300,300
configurational,prevalence,0.7,random,0,42,RF-oracle,0.9180971919796045,0.9163111111111111,0.9512191160250552,0.9470222222222222,False,0.5667776853391854,2000,300,300
configurational,prevalence,0.7,random,1,55838,RF-oracle,0.9257271125559221,0.9708444444444444,0.9311230945015267,0.9704888888888888,False,0.5667776853391854,2000,300,300
configurational,prevalence,0.7,random,2,63757,RF-oracle,0.9419498926675615,0.9460000000000001,0.9548902467797795,0.9527555555555555,False,0.5667776853391854,2000,300,300
configurational,prevalence,0.7,random,0,42,CNN-Ensemble,0.7708214535717063,0.8320888888888889,0.9512191160250552,0.9470222222222222,False,0.5667776853391854,2000,300,300
configurational,prevalence,0.7,random,1,55838,CNN-Ensemble,0.6969886332070356,0.8484888888888888,0.9311230945015267,0.9704888888888888,False,0.5667776853391854,2000,300,300
configurational,prevalence,0.7,random,2,63757,CNN-Ensemble,0.8887956532850364,0.913688888888889,0.9548902467797795,0.9527555555555555,False,0.5667776853391854,2000,300,300
configurational,resolution,100.0,extrap,0,42,RF-centre,0.04487317522932037,0.47715555555555556,0.8971265660243976,0.9282666666666667,True,0.5667776853391854,2000,300,300
configurational,resolution,100.0,extrap,1,55838,RF-centre,0.006472517799646333,0.4926666666666667,0.9225516312328863,0.8923777777777777,True,0.5667776853391854,2000,300,300
configurational,resolution,100.0,extrap,2,63757,RF-centre,-0.060350010594563706,0.4932888888888889,0.9490085147480639,0.9558222222222222,True,0.5667776853391854,2000,300,300
configurational,resolution,100.0,extrap,0,42,RF-patch,0.055133069285897715,0.47786666666666666,0.8971265660243976,0.9282666666666667,True,0.5667776853391854,2000,300,300
configurational,resolution,100.0,extrap,1,55838,RF-patch,-0.001343793007431895,0.4677777777777778,0.9225516312328863,0.8923777777777777,True,0.5667776853391854,2000,300,300
configurational,resolution,100.0,extrap,2,63757,RF-patch,-0.03258792126444995,0.5115555555555555,0.9490085147480639,0.9558222222222222,True,0.5667776853391854,2000,300,300
configurational,resolution,100.0,extrap,0,42,RF-oracle,0.8841760884532217,0.8817777777777777,0.8971265660243976,0.9282666666666667,False,0.5667776853391854,2000,300,300
configurational,resolution,100.0,extrap,1,55838,RF-oracle,0.8457204737209452,0.8628888888888888,0.9225516312328863,0.8923777777777777,False,0.5667776853391854,2000,300,300
configurational,resolution,100.0,extrap,2,63757,RF-oracle,0.9320877460806372,0.9548444444444445,0.9490085147480639,0.9558222222222222,False,0.5667776853391854,2000,300,300
configurational,resolution,100.0,extrap,0,42,CNN-Ensemble,0.5680646602883862,0.7560444444444444,0.8971265660243976,0.9282666666666667,False,0.5667776853391854,2000,300,300
configurational,resolution,100.0,extrap,1,55838,CNN-Ensemble,0.014895502149024723,0.5054666666666666,0.9225516312328863,0.8923777777777777,True,0.5667776853391854,2000,300,300
configurational,resolution,100.0,extrap,2,63757,CNN-Ensemble,0.7643243551955463,0.8659999999999999,0.9490085147480639,0.9558222222222222,False,0.5667776853391854,2000,300,300
configurational,resolution,200.0,extrap,0,42,RF-centre,0.04591629816249142,0.4696888888888889,0.7295369037404812,0.9216,True,0.5667776853391854,2000,300,300
configurational,resolution,200.0,extrap,1,55838,RF-centre,0.04871188540136908,0.5084444444444445,0.6765838940186062,0.882,True,0.5667776853391854,2000,300,300
configurational,resolution,200.0,extrap,2,63757,RF-centre,-0.11802243558511118,0.45395555555555556,0.8622123566356928,0.944,True,0.5667776853391854,2000,300,300
configurational,resolution,200.0,extrap,0,42,RF-patch,0.29149130356811426,0.5958222222222223,0.7295369037404812,0.9216,False,0.5667776853391854,2000,300,300
configurational,resolution,200.0,extrap,1,55838,RF-patch,0.17523420820991956,0.559288888888889,0.6765838940186062,0.882,True,0.5667776853391854,2000,300,300
configurational,resolution,200.0,extrap,2,63757,RF-patch,0.5609705175580338,0.7599111111111112,0.8622123566356928,0.944,False,0.5667776853391854,2000,300,300
configurational,resolution,200.0,extrap,0,42,RF-oracle,0.8716323507728976,0.8883555555555556,0.7295369037404812,0.9216,False,0.5667776853391854,2000,300,300
configurational,resolution,200.0,extrap,1,55838,RF-oracle,0.8169754812776968,0.842,0.6765838940186062,0.882,False,0.5667776853391854,2000,300,300
configurational,resolution,200.0,extrap,2,63757,RF-oracle,0.9047343753524401,0.9372,0.8622123566356928,0.944,False,0.5667776853391854,2000,300,300
configurational,resolution,200.0,extrap,0,42,CNN-Ensemble,0.5037572648045691,0.7423111111111111,0.7295369037404812,0.9216,False,0.5667776853391854,2000,300,300
configurational,resolution,200.0,extrap,1,55838,CNN-Ensemble,0.2322290763739824,0.5799111111111112,0.6765838940186062,0.882,False,0.5667776853391854,2000,300,300
configurational,resolution,200.0,extrap,2,63757,CNN-Ensemble,0.7079935008159579,0.8231111111111111,0.8622123566356928,0.944,False,0.5667776853391854,2000,300,300
configurational,resolution,400.0,extrap,0,42,RF-centre,-0.020492898919521593,0.45919999999999994,0.5920774922463887,0.9006222222222222,True,0.5667776853391854,2000,300,300
configurational,resolution,400.0,extrap,1,55838,RF-centre,0.04520895681262276,0.530888888888889,0.5404725237873791,0.8492444444444445,True,0.5667776853391854,2000,300,300
configurational,resolution,400.0,extrap,2,63757,RF-centre,-0.11021057014084337,0.4437333333333333,0.7209428139783276,0.932,True,0.5667776853391854,2000,300,300
configurational,resolution,400.0,extrap,0,42,RF-patch,0.46333747338026526,0.6888444444444444,0.5920774922463887,0.9006222222222222,False,0.5667776853391854,2000,300,300
configurational,resolution,400.0,extrap,1,55838,RF-patch,0.2678465911502619,0.5973333333333333,0.5404725237873791,0.8492444444444445,False,0.5667776853391854,2000,300,300
configurational,resolution,400.0,extrap,2,63757,RF-patch,0.6150151240586182,0.7732,0.7209428139783276,0.932,False,0.5667776853391854,2000,300,300
configurational,resolution,400.0,extrap,0,42,RF-oracle,0.8049477082156213,0.8723555555555556,0.5920774922463887,0.9006222222222222,False,0.5667776853391854,2000,300,300
configurational,resolution,400.0,extrap,1,55838,RF-oracle,0.738653926966746,0.8108888888888888,0.5404725237873791,0.8492444444444445,False,0.5667776853391854,2000,300,300
configurational,resolution,400.0,extrap,2,63757,RF-oracle,0.8800198757786113,0.9228,0.7209428139783276,0.932,False,0.5667776853391854,2000,300,300
configurational,resolution,400.0,extrap,0,42,CNN-Ensemble,0.24388498625207242,0.5587111111111112,0.5920774922463887,0.9006222222222222,True,0.5667776853391854,2000,300,300
configurational,resolution,400.0,extrap,1,55838,CNN-Ensemble,0.033541046798531204,0.5394222222222222,0.5404725237873791,0.8492444444444445,True,0.5667776853391854,2000,300,300
configurational,resolution,400.0,extrap,2,63757,CNN-Ensemble,0.3399082589704639,0.6559999999999999,0.7209428139783276,0.932,False,0.5667776853391854,2000,300,300
configurational,resolution,100.0,random,0,42,RF-centre,-0.06144381430143376,0.4750666666666667,0.9011062666229475,0.9306444444444444,True,0.5667776853391854,2000,300,300
configurational,resolution,100.0,random,1,55838,RF-centre,-0.056200630695967035,0.4740444444444444,0.9206170274678147,0.8839333333333333,True,0.5667776853391854,2000,300,300
configurational,resolution,100.0,random,2,63757,RF-centre,-0.02588473205257836,0.49044444444444446,0.9336907748943054,0.9402666666666667,True,0.5667776853391854,2000,300,300
configurational,resolution,100.0,random,0,42,RF-patch,-0.046429864697343004,0.4873333333333333,0.9011062666229475,0.9306444444444444,True,0.5667776853391854,2000,300,300
configurational,resolution,100.0,random,1,55838,RF-patch,0.03892310347038363,0.5317777777777778,0.9206170274678147,0.8839333333333333,True,0.5667776853391854,2000,300,300
configurational,resolution,100.0,random,2,63757,RF-patch,-0.0005386726519183546,0.5136,0.9336907748943054,0.9402666666666667,True,0.5667776853391854,2000,300,300
configurational,resolution,100.0,random,0,42,RF-oracle,0.8852694647505901,0.9072444444444445,0.9011062666229475,0.9306444444444444,False,0.5667776853391854,2000,300,300
configurational,resolution,100.0,random,1,55838,RF-oracle,0.8350241302734763,0.8276,0.9206170274678147,0.8839333333333333,False,0.5667776853391854,2000,300,300
configurational,resolution,100.0,random,2,63757,RF-oracle,0.9232547028300314,0.9172888888888888,0.9336907748943054,0.9402666666666667,False,0.5667776853391854,2000,300,300
configurational,resolution,100.0,random,0,42,CNN-Ensemble,0.6179121827727928,0.7551111111111112,0.9011062666229475,0.9306444444444444,False,0.5667776853391854,2000,300,300
configurational,resolution,100.0,random,1,55838,CNN-Ensemble,0.37659178175221975,0.6253777777777778,0.9206170274678147,0.8839333333333333,False,0.5667776853391854,2000,300,300
configurational,resolution,100.0,random,2,63757,CNN-Ensemble,0.8189028766986299,0.9006222222222221,0.9336907748943054,0.9402666666666667,False,0.5667776853391854,2000,300,300
configurational,resolution,200.0,random,0,42,RF-centre,-0.07582086772771265,0.4738666666666666,0.7922262657993845,0.9184000000000001,True,0.5667776853391854,2000,300,300
configurational,resolution,200.0,random,1,55838,RF-centre,0.022702476994464187,0.48933333333333334,0.736447748730652,0.8662666666666667,True,0.5667776853391854,2000,300,300
configurational,resolution,200.0,random,2,63757,RF-centre,-0.06669851887243192,0.49177777777777776,0.860768520839373,0.9372,True,0.5667776853391854,2000,300,300
configurational,resolution,200.0,random,0,42,RF-patch,0.32027633205137346,0.6195111111111111,0.7922262657993845,0.9184000000000001,False,0.5667776853391854,2000,300,300
configurational,resolution,200.0,random,1,55838,RF-patch,0.14248382120732775,0.5660444444444445,0.736447748730652,0.8662666666666667,True,0.5667776853391854,2000,300,300
configurational,resolution,200.0,random,2,63757,RF-patch,0.6494081045344948,0.8124888888888889,0.860768520839373,0.9372,False,0.5667776853391854,2000,300,300
configurational,resolution,200.0,random,0,42,RF-oracle,0.8752192122711405,0.9038666666666666,0.7922262657993845,0.9184000000000001,False,0.5667776853391854,2000,300,300
configurational,resolution,200.0,random,1,55838,RF-oracle,0.8129226783545065,0.8158222222222221,0.736447748730652,0.8662666666666667,False,0.5667776853391854,2000,300,300
configurational,resolution,200.0,random,2,63757,RF-oracle,0.9112431374166864,0.9132444444444444,0.860768520839373,0.9372,False,0.5667776853391854,2000,300,300
configurational,resolution,200.0,random,0,42,CNN-Ensemble,0.5113914081461438,0.7101777777777778,0.7922262657993845,0.9184000000000001,False,0.5667776853391854,2000,300,300
configurational,resolution,200.0,random,1,55838,CNN-Ensemble,0.005938733312451655,0.47919999999999996,0.736447748730652,0.8662666666666667,True,0.5667776853391854,2000,300,300
configurational,resolution,200.0,random,2,63757,CNN-Ensemble,0.773035700396671,0.8674222222222222,0.860768520839373,0.9372,False,0.5667776853391854,2000,300,300
configurational,resolution,400.0,random,0,42,RF-centre,-0.061757151220734066,0.45462222222222226,0.5230050848399025,0.8647111111111111,True,0.5667776853391854,2000,300,300
configurational,resolution,400.0,random,1,55838,RF-centre,0.0017173526058459204,0.48893333333333333,0.5225653834131018,0.8381333333333333,True,0.5667776853391854,2000,300,300
configurational,resolution,400.0,random,2,63757,RF-centre,0.0216460182890921,0.5136444444444443,0.7557197199172198,0.9201777777777778,True,0.5667776853391854,2000,300,300
configurational,resolution,400.0,random,0,42,RF-patch,0.4292353568046628,0.6798666666666666,0.5230050848399025,0.8647111111111111,False,0.5667776853391854,2000,300,300
configurational,resolution,400.0,random,1,55838,RF-patch,0.28720255638424563,0.6376000000000001,0.5225653834131018,0.8381333333333333,False,0.5667776853391854,2000,300,300
configurational,resolution,400.0,random,2,63757,RF-patch,0.7054771719685774,0.8089777777777778,0.7557197199172198,0.9201777777777778,False,0.5667776853391854,2000,300,300
configurational,resolution,400.0,random,0,42,RF-oracle,0.8062611189271457,0.8349777777777778,0.5230050848399025,0.8647111111111111,False,0.5667776853391854,2000,300,300
configurational,resolution,400.0,random,1,55838,RF-oracle,0.7378705027689799,0.766488888888889,0.5225653834131018,0.8381333333333333,False,0.5667776853391854,2000,300,300
configurational,resolution,400.0,random,2,63757,RF-oracle,0.8816386848742764,0.8899111111111111,0.7557197199172198,0.9201777777777778,False,0.5667776853391854,2000,300,300
configurational,resolution,400.0,random,0,42,CNN-Ensemble,0.32483571756434126,0.6359999999999999,0.5230050848399025,0.8647111111111111,False,0.5667776853391854,2000,300,300
configurational,resolution,400.0,random,1,55838,CNN-Ensemble,0.06478961597235743,0.49995555555555554,0.5225653834131018,0.8381333333333333,True,0.5667776853391854,2000,300,300
configurational,resolution,400.0,random,2,63757,CNN-Ensemble,0.544230491449905,0.7393777777777778,0.7557197199172198,0.9201777777777778,False,0.5667776853391854,2000,300,300
configurational,patch size,8.0,extrap,0,42,RF-centre,-0.02824164712941255,0.46066666666666667,0.19190769118532905,0.9332444444444444,True,0.5667776853391854,2000,300,300
configurational,patch size,8.0,extrap,1,55838,RF-centre,0.008864543924326316,0.5241777777777777,0.166937621320174,0.8981333333333333,True,0.5667776853391854,2000,300,300
configurational,patch size,8.0,extrap,2,63757,RF-centre,-0.028346981633129254,0.4217777777777778,0.21611599046034818,0.9014666666666666,True,0.5667776853391854,2000,300,300
configurational,patch size,8.0,extrap,0,42,RF-patch,0.09776241958243981,0.5156444444444445,0.19190769118532905,0.9332444444444444,True,0.5667776853391854,2000,300,300
configurational,patch size,8.0,extrap,1,55838,RF-patch,0.01910154769514647,0.5410222222222223,0.166937621320174,0.8981333333333333,True,0.5667776853391854,2000,300,300
configurational,patch size,8.0,extrap,2,63757,RF-patch,0.047010300114445715,0.4826222222222223,0.21611599046034818,0.9014666666666666,True,0.5667776853391854,2000,300,300
configurational,patch size,8.0,extrap,0,42,RF-oracle,0.8972156014674888,0.9060444444444444,0.19190769118532905,0.9332444444444444,False,0.5667776853391854,2000,300,300
configurational,patch size,8.0,extrap,1,55838,RF-oracle,0.8763190427269286,0.8753777777777777,0.166937621320174,0.8981333333333333,False,0.5667776853391854,2000,300,300
configurational,patch size,8.0,extrap,2,63757,RF-oracle,0.9160751692880166,0.874,0.21611599046034818,0.9014666666666666,False,0.5667776853391854,2000,300,300
configurational,patch size,8.0,extrap,0,42,CNN-Ensemble,0.04553828375870843,0.5372888888888888,0.19190769118532905,0.9332444444444444,True,0.5667776853391854,2000,300,300
configurational,patch size,8.0,extrap,1,55838,CNN-Ensemble,0.013351927616076661,0.5142222222222222,0.166937621320174,0.8981333333333333,True,0.5667776853391854,2000,300,300
configurational,patch size,8.0,extrap,2,63757,CNN-Ensemble,0.051180796584495314,0.49451111111111107,0.21611599046034818,0.9014666666666666,True,0.5667776853391854,2000,300,300
configurational,patch size,16.0,extrap,0,42,RF-centre,0.07987134077838033,0.543111111111111,0.43804148286995775,0.9493333333333334,True,0.5667776853391854,2000,300,300
configurational,patch size,16.0,extrap,1,55838,RF-centre,-0.05634752123329419,0.5551555555555555,0.3043083497061417,0.8846444444444443,True,0.5667776853391854,2000,300,300
configurational,patch size,16.0,extrap,2,63757,RF-centre,0.06204180735806073,0.4938666666666667,0.4909685867789881,0.9553777777777779,True,0.5667776853391854,2000,300,300
configurational,patch size,16.0,extrap,0,42,RF-patch,0.1827747178051676,0.5535555555555556,0.43804148286995775,0.9493333333333334,True,0.5667776853391854,2000,300,300
configurational,patch size,16.0,extrap,1,55838,RF-patch,0.09064968395756497,0.5739555555555556,0.3043083497061417,0.8846444444444443,False,0.5667776853391854,2000,300,300
configurational,patch size,16.0,extrap,2,63757,RF-patch,0.2139784013131716,0.5707555555555556,0.4909685867789881,0.9553777777777779,False,0.5667776853391854,2000,300,300
configurational,patch size,16.0,extrap,0,42,RF-oracle,0.9095166110271792,0.9304444444444445,0.43804148286995775,0.9493333333333334,False,0.5667776853391854,2000,300,300
configurational,patch size,16.0,extrap,1,55838,RF-oracle,0.8696366481446123,0.8572444444444445,0.3043083497061417,0.8846444444444443,False,0.5667776853391854,2000,300,300
configurational,patch size,16.0,extrap,2,63757,RF-oracle,0.8984374157976717,0.9310222222222222,0.4909685867789881,0.9553777777777779,False,0.5667776853391854,2000,300,300
configurational,patch size,16.0,extrap,0,42,CNN-Ensemble,0.15944423376306877,0.5776,0.43804148286995775,0.9493333333333334,False,0.5667776853391854,2000,300,300
configurational,patch size,16.0,extrap,1,55838,CNN-Ensemble,-0.06874966805179347,0.45137777777777777,0.3043083497061417,0.8846444444444443,True,0.5667776853391854,2000,300,300
configurational,patch size,16.0,extrap,2,63757,CNN-Ensemble,0.22900856998506458,0.6075111111111111,0.4909685867789881,0.9553777777777779,False,0.5667776853391854,2000,300,300
configurational,patch size,32.0,extrap,0,42,RF-centre,0.08699429993666595,0.5381333333333334,0.8989539653127097,0.9297333333333333,True,0.5667776853391854,2000,300,300
configurational,patch size,32.0,extrap,1,55838,RF-centre,-0.03375015652953459,0.4734666666666667,0.9169508630895347,0.8677777777777778,True,0.5667776853391854,2000,300,300
configurational,patch size,32.0,extrap,2,63757,RF-centre,-0.028173201924465825,0.4740888888888889,0.9439648364016897,0.9555111111111111,True,0.5667776853391854,2000,300,300
configurational,patch size,32.0,extrap,0,42,RF-patch,0.06328292536583739,0.5073333333333333,0.8989539653127097,0.9297333333333333,True,0.5667776853391854,2000,300,300
configurational,patch size,32.0,extrap,1,55838,RF-patch,0.023941602011311607,0.47671111111111103,0.9169508630895347,0.8677777777777778,True,0.5667776853391854,2000,300,300
configurational,patch size,32.0,extrap,2,63757,RF-patch,0.0006751186124290269,0.5036444444444445,0.9439648364016897,0.9555111111111111,True,0.5667776853391854,2000,300,300
configurational,patch size,32.0,extrap,0,42,RF-oracle,0.8702823094798781,0.8934222222222221,0.8989539653127097,0.9297333333333333,False,0.5667776853391854,2000,300,300
configurational,patch size,32.0,extrap,1,55838,RF-oracle,0.8361033829379692,0.8457333333333333,0.9169508630895347,0.8677777777777778,False,0.5667776853391854,2000,300,300
configurational,patch size,32.0,extrap,2,63757,RF-oracle,0.925259050129346,0.9408444444444445,0.9439648364016897,0.9555111111111111,False,0.5667776853391854,2000,300,300
configurational,patch size,32.0,extrap,0,42,CNN-Ensemble,0.5915479060878454,0.7508888888888889,0.8989539653127097,0.9297333333333333,False,0.5667776853391854,2000,300,300
configurational,patch size,32.0,extrap,1,55838,CNN-Ensemble,-0.06379671594092373,0.4524444444444444,0.9169508630895347,0.8677777777777778,True,0.5667776853391854,2000,300,300
configurational,patch size,32.0,extrap,2,63757,CNN-Ensemble,0.7987768752986144,0.8523555555555555,0.9439648364016897,0.9555111111111111,False,0.5667776853391854,2000,300,300
configurational,patch size,64.0,extrap,0,42,RF-centre,0.09821821333772807,0.5284888888888889,0.30637051630303835,0.945288888888889,True,0.5667776853391854,1646,300,300
configurational,patch size,64.0,extrap,1,55838,RF-centre,-0.0094807380033961,0.48189153687370995,0.287963781014884,0.8662507036967536,True,0.5676893473989661,1712,288,292
configurational,patch size,64.0,extrap,2,63757,RF-centre,-0.02537739872163058,0.45115555555555553,0.4642880812051653,0.9257333333333333,True,0.5667776853391854,1712,256,300
configurational,patch size,64.0,extrap,0,42,RF-patch,0.09673174146379404,0.5231111111111112,0.30637051630303835,0.945288888888889,True,0.5667776853391854,1646,300,300
configurational,patch size,64.0,extrap,1,55838,RF-patch,0.010714149724325973,0.5012666541565023,0.287963781014884,0.8662507036967536,True,0.5676893473989661,1712,288,292
configurational,patch size,64.0,extrap,2,63757,RF-patch,-0.014870835202799332,0.47200000000000003,0.4642880812051653,0.9257333333333333,True,0.5667776853391854,1712,256,300
configurational,patch size,64.0,extrap,0,42,RF-oracle,0.8853298369981888,0.9155555555555556,0.30637051630303835,0.945288888888889,False,0.5667776853391854,1646,300,300
configurational,patch size,64.0,extrap,1,55838,RF-oracle,0.8117213154656527,0.8513323325201727,0.287963781014884,0.8662507036967536,False,0.5676893473989661,1712,288,292
configurational,patch size,64.0,extrap,2,63757,RF-oracle,0.8811895423703907,0.8923555555555555,0.4642880812051653,0.9257333333333333,False,0.5667776853391854,1712,256,300
configurational,patch size,64.0,extrap,0,42,CNN-Ensemble,0.0856853965044056,0.5617777777777777,0.30637051630303835,0.945288888888889,True,0.5667776853391854,1646,300,300
configurational,patch size,64.0,extrap,1,55838,CNN-Ensemble,-0.008823786000415475,0.47297804466128734,0.287963781014884,0.8662507036967536,True,0.5676893473989661,1712,288,292
configurational,patch size,64.0,extrap,2,63757,CNN-Ensemble,0.16251184180087777,0.5504,0.4642880812051653,0.9257333333333333,True,0.5667776853391854,1712,256,300
configurational,patch size,8.0,random,0,42,RF-centre,0.011382349957482926,0.5237777777777777,0.1593016202291943,0.9387555555555556,True,0.5667776853391854,2000,300,300
configurational,patch size,8.0,random,1,55838,RF-centre,0.056598635162461615,0.5648888888888889,0.13901274284392673,0.8660000000000001,True,0.5667776853391854,2000,300,300
configurational,patch size,8.0,random,2,63757,RF-centre,0.008729653521667352,0.5055555555555555,0.28205964307230846,0.9604666666666667,True,0.5667776853391854,2000,300,300
configurational,patch size,8.0,random,0,42,RF-patch,0.012606363693637086,0.5470222222222222,0.1593016202291943,0.9387555555555556,True,0.5667776853391854,2000,300,300
configurational,patch size,8.0,random,1,55838,RF-patch,0.07066701526317172,0.5398222222222221,0.13901274284392673,0.8660000000000001,True,0.5667776853391854,2000,300,300
configurational,patch size,8.0,random,2,63757,RF-patch,0.12437428464475066,0.5563555555555556,0.28205964307230846,0.9604666666666667,True,0.5667776853391854,2000,300,300
configurational,patch size,8.0,random,0,42,RF-oracle,0.8994670828491612,0.9075555555555556,0.1593016202291943,0.9387555555555556,False,0.5667776853391854,2000,300,300
configurational,patch size,8.0,random,1,55838,RF-oracle,0.8676784791461212,0.8574222222222223,0.13901274284392673,0.8660000000000001,False,0.5667776853391854,2000,300,300
configurational,patch size,8.0,random,2,63757,RF-oracle,0.9146978531620643,0.9391111111111111,0.28205964307230846,0.9604666666666667,False,0.5667776853391854,2000,300,300
configurational,patch size,8.0,random,0,42,CNN-Ensemble,0.1157852993683603,0.5601777777777779,0.1593016202291943,0.9387555555555556,True,0.5667776853391854,2000,300,300
configurational,patch size,8.0,random,1,55838,CNN-Ensemble,0.13144169729015928,0.5704888888888889,0.13901274284392673,0.8660000000000001,False,0.5667776853391854,2000,300,300
configurational,patch size,8.0,random,2,63757,CNN-Ensemble,0.15987957198186434,0.5682222222222223,0.28205964307230846,0.9604666666666667,False,0.5667776853391854,2000,300,300
configurational,patch size,16.0,random,0,42,RF-centre,-0.08163512927921421,0.46559999999999996,0.3517730127725502,0.9312888888888889,True,0.5667776853391854,2000,300,300
configurational,patch size,16.0,random,1,55838,RF-centre,-0.014156160436485297,0.5167999999999999,0.21712787085560822,0.8966666666666667,True,0.5667776853391854,2000,300,300
configurational,patch size,16.0,random,2,63757,RF-centre,-0.047518305758952877,0.47742222222222225,0.5313544562696182,0.9524444444444444,True,0.5667776853391854,2000,300,300
configurational,patch size,16.0,random,0,42,RF-patch,0.004952499472216357,0.5127555555555555,0.3517730127725502,0.9312888888888889,True,0.5667776853391854,2000,300,300
configurational,patch size,16.0,random,1,55838,RF-patch,0.07589997131078784,0.5314666666666666,0.21712787085560822,0.8966666666666667,True,0.5667776853391854,2000,300,300
configurational,patch size,16.0,random,2,63757,RF-patch,0.15629951443904933,0.5847555555555556,0.5313544562696182,0.9524444444444444,False,0.5667776853391854,2000,300,300
configurational,patch size,16.0,random,0,42,RF-oracle,0.9272761758363314,0.927911111111111,0.3517730127725502,0.9312888888888889,False,0.5667776853391854,2000,300,300
configurational,patch size,16.0,random,1,55838,RF-oracle,0.878215161795746,0.8499555555555555,0.21712787085560822,0.8966666666666667,False,0.5667776853391854,2000,300,300
configurational,patch size,16.0,random,2,63757,RF-oracle,0.9132131623791595,0.9441333333333333,0.5313544562696182,0.9524444444444444,False,0.5667776853391854,2000,300,300
configurational,patch size,16.0,random,0,42,CNN-Ensemble,0.0761684018711319,0.5467111111111111,0.3517730127725502,0.9312888888888889,True,0.5667776853391854,2000,300,300
configurational,patch size,16.0,random,1,55838,CNN-Ensemble,0.07354861132870799,0.5664,0.21712787085560822,0.8966666666666667,True,0.5667776853391854,2000,300,300
configurational,patch size,16.0,random,2,63757,CNN-Ensemble,-0.008380537561528461,0.5065333333333333,0.5313544562696182,0.9524444444444444,True,0.5667776853391854,2000,300,300
configurational,patch size,32.0,random,0,42,RF-centre,0.02375804175601951,0.4738666666666667,0.9244450508604756,0.9406222222222221,True,0.5667776853391854,2000,300,300
configurational,patch size,32.0,random,1,55838,RF-centre,0.03783686485405393,0.5452444444444444,0.9127797022930153,0.8853333333333333,True,0.5667776853391854,2000,300,300
configurational,patch size,32.0,random,2,63757,RF-centre,0.11208524539161546,0.5602222222222222,0.9623200807825042,0.9502666666666667,True,0.5667776853391854,2000,300,300
configurational,patch size,32.0,random,0,42,RF-patch,0.06287403193368815,0.4980888888888889,0.9244450508604756,0.9406222222222221,True,0.5667776853391854,2000,300,300
configurational,patch size,32.0,random,1,55838,RF-patch,0.05953666151846132,0.5490666666666668,0.9127797022930153,0.8853333333333333,True,0.5667776853391854,2000,300,300
configurational,patch size,32.0,random,2,63757,RF-patch,0.10296069956332848,0.5427111111111111,0.9623200807825042,0.9502666666666667,True,0.5667776853391854,2000,300,300
configurational,patch size,32.0,random,0,42,RF-oracle,0.9068142481801077,0.9264444444444445,0.9244450508604756,0.9406222222222221,False,0.5667776853391854,2000,300,300
configurational,patch size,32.0,random,1,55838,RF-oracle,0.859901998911099,0.8382222222222222,0.9127797022930153,0.8853333333333333,False,0.5667776853391854,2000,300,300
configurational,patch size,32.0,random,2,63757,RF-oracle,0.9172638592843976,0.9389777777777778,0.9623200807825042,0.9502666666666667,False,0.5667776853391854,2000,300,300
configurational,patch size,32.0,random,0,42,CNN-Ensemble,0.6844244936054845,0.7947111111111111,0.9244450508604756,0.9406222222222221,False,0.5667776853391854,2000,300,300
configurational,patch size,32.0,random,1,55838,CNN-Ensemble,0.26411493461038454,0.6125777777777778,0.9127797022930153,0.8853333333333333,False,0.5667776853391854,2000,300,300
configurational,patch size,32.0,random,2,63757,CNN-Ensemble,0.8492187690974344,0.8832888888888889,0.9623200807825042,0.9502666666666667,False,0.5667776853391854,2000,300,300
configurational,patch size,64.0,random,0,42,RF-centre,0.09307870651696319,0.5070785070785072,0.26105130181335723,0.9281117852546424,True,0.5673435029701474,1965,294,295
configurational,patch size,64.0,random,1,55838,RF-centre,-0.05313992968143342,0.5165333333333334,0.3946890638586084,0.8917777777777778,True,0.5667776853391854,2000,300,300
configurational,patch size,64.0,random,2,63757,RF-centre,-0.05606309258871483,0.49952763344355217,0.42374070055450497,0.9625413320736892,True,0.567806350362081,1942,291,291
configurational,patch size,64.0,random,0,42,RF-patch,0.0372184879448802,0.4693417907703622,0.26105130181335723,0.9281117852546424,True,0.5673435029701474,1965,294,295
configurational,patch size,64.0,random,1,55838,RF-patch,-0.028071203910177388,0.5119555555555555,0.3946890638586084,0.8917777777777778,True,0.5667776853391854,2000,300,300
configurational,patch size,64.0,random,2,63757,RF-patch,-0.006259100360849092,0.5171469059990552,0.42374070055450497,0.9625413320736892,True,0.567806350362081,1942,291,291
configurational,patch size,64.0,random,0,42,RF-oracle,0.8858022271314497,0.8887663173377459,0.26105130181335723,0.9281117852546424,False,0.5673435029701474,1965,294,295
configurational,patch size,64.0,random,1,55838,RF-oracle,0.8793505349337863,0.8448444444444445,0.3946890638586084,0.8917777777777778,False,0.5667776853391854,2000,300,300
configurational,patch size,64.0,random,2,63757,RF-oracle,0.8869331681392743,0.9298063297118564,0.42374070055450497,0.9625413320736892,False,0.567806350362081,1942,291,291
configurational,patch size,64.0,random,0,42,CNN-Ensemble,0.10337393775650437,0.5362658576944291,0.26105130181335723,0.9281117852546424,True,0.5673435029701474,1965,294,295
configurational,patch size,64.0,random,1,55838,CNN-Ensemble,0.12512540418509216,0.5266222222222222,0.3946890638586084,0.8917777777777778,True,0.5667776853391854,2000,300,300
configurational,patch size,64.0,random,2,63757,CNN-Ensemble,0.1916293724342461,0.5676901275389703,0.42374070055450497,0.9625413320736892,True,0.567806350362081,1942,291,291
